"","att.adnet","att.adlas","att.Boruta_T","att.Boruta_Y"
"1",-0.0315473065686434,0.0614732001888874,0.0228088284840741,0.00464182936644008
"2",0.0393799360511547,0.0544472100895382,0.0489214801583933,0.0334524460531082
"3",-0.03380669231947,0.0238710656351734,-0.0297803863720145,-0.0336704960108922
"4",0.0530641243086487,0.0620630910410463,0.0590089103776289,0.0535400430807501
"5",0.0699587028448007,0.0566233815958086,0.0481928651616998,0.0606289282180861
"6",0.0460852065707305,0.0157213465972686,0.0560770647878461,0.0200679102405166
"7",0.0501192092939514,0.0762913089949826,0.0820347769162226,0.0876452997547412
"8",0.0303097232569316,0.0393975591564923,0.0944209262091785,0.00267418336395592
"9",-0.0507827410100033,-0.0137704862862401,-0.0367849619641846,-0.0218718040408337
"10",0.0372252842651457,0.0520036281144861,-0.014318134054014,-0.00848080875673105
"11",0.0223511014604151,0.0180771023126382,-0.00153382279813158,0.0568218537321775
"12",-0.0157175036339126,0.0188448293963308,-0.00819494776678798,-0.059756066959041
"13",0.0285766814331818,0.0523568839293456,0.0458639600452585,0.0225525339457774
"14",0.047732870329362,0.0500613276297273,0.00189731490461583,0.0473040197336822
"15",-0.0229314678799235,0.0150371640989483,-0.0562446825439943,-0.0470123810036128
"16",0.00825398095076861,0.0302477945288815,0.0268358000321103,0.00395568483645768
"17",0.0681458332029855,0.0739458511516142,0.0653069873410777,0.0438298849670899
"18",0.0534813016818203,0.0238879803543611,0.0142807051760806,0.0521942293141301
"19",0.036481072531118,0.04559734899237,0.0412060887093334,-0.0166821620020792
"20",0.039354977951535,0.0321523944400714,0.00262103332326149,0.0452004911099654
"21",0.0477638447485014,0.0899247216906236,0.0660233245396724,0.0147011105328078
"22",0.0140035711387554,0.0267391669958305,0.0142345570855537,-0.00159896834640194
"23",0.0353456500988473,0.0179052176719406,0.027426288480042,0.0288805514459937
"24",0.0242475372040675,0.0594748595125723,0.0252770319628297,0.0349853980357999
"25",0.0713873252435511,0.0468401572662584,0.0419435187422912,0.0700154976838691
"26",0.0347589707189676,0.0423813070346449,0.0112538052667172,0.000638752133625892
"27",-0.00283676176380434,0.0609231022828209,0.0323639070161136,0.0253937189445695
"28",0.0174824142035263,0.0371520056164698,-0.0319051257944532,0.0298361699882242
"29",0.029850776136345,0.0594196110645003,0.00854143105363972,-0.00651907584292856
"30",0.0710265421701087,0.0652120936112936,0.0400446816181648,0.0689705151942133
"31",0.0740885211680157,0.0462968828301465,-0.00679630419651906,0.020723781111699
"32",0.0856668721281808,0.0500375145430431,0.00429099265439856,0.0364430846275357
"33",0.0153734960763416,0.0115896232876969,-0.0338248089596003,0.0134681979718968
"34",0.0571453909740429,0.00275731075031667,0.0143676827284545,0.0578907753586823
"35",0.0649324845515795,0.0343068798641657,0.0366394677083442,0.0708224763410105
"36",0.0368478674360934,0.0460583754724868,-0.00714333703931353,0.0298778816410646
"37",-0.00822178170873016,-0.0160638447710353,0.0315865074479372,7.97345681394248e-05
"38",-0.0445469560104455,-0.000456781614051239,-0.0500812474037056,-0.0376727296869873
"39",0.0308881043889141,0.0606961020700934,0.0467474272827999,0.0300154645731551
"40",0.0230300987523891,0.0516693073161935,0.0300507436750478,-0.0223440937873302
"41",0.0143737106070699,0.0233294179703598,-0.0134055803189158,-0.00801570133801349
"42",0.0255472371475937,0.0348699552196494,-0.00214017059827049,0.0225904376812334
"43",0.0360908552344436,0.0646204231680034,-0.0182054171349299,0.0235919171306965
"44",0.0516014018599359,0.0803603531579666,0.0973898445844001,0.0443943941935692
"45",0.0699987116925031,0.0445656478917183,0.0146551889710835,0.0595476417003329
"46",-0.0195871627416438,0.0228175691332087,0.014932387291801,0.016856528392742
"47",0.0259403610596688,0.0375409061794958,0.064360118341228,0.0340261774932015
"48",0.0735255644277009,0.0464013329118709,0.019329375352385,0.0393253849278204
"49",-0.0546270591393877,0.0208784000508793,-0.0257098964010474,-0.0445884541553137
"50",0.0128103134568288,0.0331719095082491,0.0306472296515285,0.00617387113149374
"51",0.0397824607964028,0.0492986107242687,-0.000986575961779559,0.0741382751275576
"52",0.0184053820992498,0.0501996205410088,-0.00281934365520009,0.0396057239613034
"53",-0.0114209863640221,-0.0701843596919347,-0.0611071053503705,-0.0443716745272388
"54",0.0315139815404367,0.0613445278608791,0.0351140129377298,0.0544440975795224
"55",0.00669556652867003,0.0353888544733639,-0.034658905114971,0.0259776975257227
"56",-0.0195336853876977,0.0260878298499835,-0.0966962134790317,0.0117922646361812
"57",-0.00203435208182195,0.0224870327126428,-0.0199169478425952,0.0289286066657405
"58",-0.0451934474823169,0.0164838494826561,-0.104663460392347,0.00405249355206585
"59",-0.00304052815773366,0.0046340421981388,-0.0241421877530605,-0.0230769326333552
"60",0.0301257208994364,0.0232719815849224,0.0206947337564342,0.0513692348131024
"61",0.0168055990584711,0.0517048246383988,0.0117884564237981,0.0125315119661583
"62",-0.0109764825948404,0.0243417475646602,-0.00900463169750854,-0.00903955077647419
"63",0.038402709412908,0.0137522170518031,0.00241658407527247,0.0156436113460744
"64",0.0576042099650274,0.0250189152793771,0.0504972885686091,0.024958922881374
"65",-0.0252375542018493,-0.030843918431937,-0.0386123935444349,0.00529016625623634
"66",0.00958774147084849,0.0270429215038718,0.0186783844132903,-0.0233568970844935
"67",-0.0154058196785416,0.00329998747791138,0.00887267538499624,0.0250637432231435
"68",0.0316564006229477,0.0430055967065155,0.0523395838204086,0.0511783855697788
"69",0.0129528286672298,0.00551781105909059,-0.00193660317159102,-0.00598645351163337
"70",0.056297813574347,0.0684079450576004,0.0580509131771994,0.0342375895831975
"71",0.0515681914721164,0.0733718607488997,0.0404159640510856,0.0569960045971507
"72",0.00732972174031748,0.051589948677799,-0.00873362349802059,0.00646816647263571
"73",0.00927529465985027,0.0299751189169583,0.000568039421106048,0.0140695386531906
"74",0.0529087122149737,0.0436517917637836,0.071505463044848,0.0556054375827117
"75",0.0192315422760137,0.0837716568626998,0.0298529541407077,0.0366293693410375
"76",-0.00502590662640287,0.027503275063684,0.0311972809912759,0.0124487293207383
"77",0.0624943510483632,0.109291778106787,0.0861428978844205,0.0544312480493796
"78",0.0346425356090967,0.0813149053972505,0.0627895432693232,0.0481523453912477
"79",-0.0230390266629246,-0.01570349701079,-0.0507202632409429,-0.019055306319434
"80",-0.000495582287031702,0.0381446385958641,-0.00835097154053241,-0.014685818183975
"81",0.00906618373844023,0.0236389903399612,-0.00574177812529309,-0.00686236328017422
"82",0.0219340925249721,0.0187345110199009,-0.0716965799121808,-0.0326898213303862
"83",0.0228754062353874,0.0277812701995547,0.0201689412208624,0.0250225408276791
"84",0.0355173653784573,0.0725434888824547,0.0111333907096788,0.0482845961692472
"85",0.0375215026462368,0.0130332566799938,-0.00211432361237694,0.0259124032096392
"86",-0.0268971960778225,-0.0255730139932584,-0.0548213487909764,-0.0366696476362517
"87",0.0269655436695256,0.0130004531127223,-0.0247606336354333,0.0104393256357506
"88",0.00290552814385187,0.0410068605579179,0.0413788997085118,0.00629037230580462
"89",-0.0364684825590622,-0.000467923939231553,-0.00108674544111102,-0.0441144375737592
"90",0.040234296277727,-0.010563392544487,0.00109183442859343,0.0240817315891459
"91",-0.00329556418045464,0.0150668064350698,-0.00451246409070792,0.0524967472877251
"92",0.0226836902657744,0.0233468880490156,-0.0401948724093937,-0.0112764449464899
"93",0.0133220666555623,0.00873053230181839,-0.000962027169327035,0.0300292590077935
"94",-0.0232133302069051,0.000182374643631111,0.0271347847151927,-0.0112536392158381
"95",0.0527444887682888,0.0332667378029771,0.0383617101835107,0.0151985986096218
"96",-0.0237180857789187,-0.00622041197095937,-0.0765260582237888,0.00749926811737114
"97",-0.022713921166159,0.030881797193668,-0.0299965067661524,-0.00188560624975208
"98",-0.0211506982171528,0.0248528280401559,-0.0638046298408058,0.0278958284489342
"99",0.0515112739243804,0.0706956232072421,0.0757357310732386,0.0505710587487487
"100",-0.0205395704220145,0.0220533495205104,-0.0446704318710597,0.0223291972295307
"101",0.0354021817587856,0.0340377772466354,0.0292537150141033,0.0350248496705303
"102",0.0361346878627526,0.0504208273287004,0.00319489798590252,0.0229706723987542
"103",0.0406636303924572,0.0633859435064257,0.0703151854763427,0.0654158829963313
"104",0.00720229197785369,0.046965173344377,0.0101863028012692,-0.0207486016693212
"105",-0.0198073217116239,0.00934889717181199,-0.00562950784117042,0.015985314792179
"106",0.0439461411160851,0.0672926341312949,0.0198450015112302,0.00880434061512634
"107",0.047086055668209,0.0339346130164345,-0.00314176019212982,0.0127286638795756
"108",0.0509550776393409,0.0376069474656889,0.00168152475870643,0.00915963301224467
"109",0.026587903445353,0.0522868446171398,0.0358572801653448,0.0124235151427846
"110",-0.00146163313531603,-0.000821624902891828,-0.00137651187228323,0.018100826700037
"111",0.0443419235557261,0.0133530722660918,0.0124171191555958,0.00626254411908609
"112",0.0223211239318513,0.0223823786034083,-0.00789290423842068,0.0148252498162907
"113",0.0644465739196473,0.0577287380751374,0.0307702293534982,0.0301016755573458
"114",0.0285975300317087,0.0436715598621972,0.0250013315470056,0.049376008008071
"115",-0.0338416755415697,-0.0187900478496394,-0.0236747484137897,-0.0161894061043062
"116",-0.00387237238179739,0.0130207973106902,-0.0155473462752648,-0.0101055409760559
"117",-0.0143576795148133,-0.0123809931909799,0.00578887742208468,-0.00248124670811636
"118",0.00858660408798513,0.0552195317238648,0.00396139822121181,0.0155525961910119
"119",0.0158911053337477,0.0589191160151385,0.043427176306198,0.0108812819430856
"120",0.0112828372498747,0.00957552229473623,-0.0138296362542753,0.0478121729867568
"121",0.021848431930009,0.0146759954622728,-0.0162456097480403,-0.00491811694033323
"122",0.0167587437046774,0.00255748858126167,0.0424439382430875,0.0227753519344416
"123",0.0380975684287827,0.039490175558337,0.0327490667794612,0.0601013417043087
"124",0.00933797020932539,0.00754841718225089,-0.0226697586411699,0.0190382798180762
"125",0.00430090308007005,-0.00639682430680287,-0.0446410406353452,-0.0264000131992957
"126",0.0664123178625833,0.0695623334889651,0.0673137544090976,0.0866336045186237
"127",-0.0141454105851367,-0.00322506407514996,-0.0310510478212981,-0.0172455307484029
"128",0.0206099181216098,0.0799292957430302,0.0211977839817762,0.0382661618801636
"129",-0.0226484356996264,-0.0176477972319846,-0.0690844005238706,-0.053918431954834
"130",0.127285235943874,0.0620690354626141,0.0481733577439381,0.0666315627932289
"131",-0.0323282409498937,0.0107551140156835,-0.0395846245147949,-0.0311634868632184
"132",-0.00421031530943877,-0.001678138174763,0.0146767112821989,-0.0287824734727397
"133",-0.000140025316764476,0.0260624554712297,-0.00150069158671523,0.0363983319671496
"134",0.0239228734971095,0.0778778022126269,0.0246537377424292,0.0731986273841187
"135",0.0646857034316613,0.0849133121373718,0.0326459769454644,0.073840455372974
"136",-0.0233234750600523,0.0431997668067658,-0.0296138691378074,0.0135147441367366
"137",0.025801339646278,0.0133055475026497,0.00673839531165966,0.0308336899709511
"138",0.056793304748052,0.0680900245994656,0.0622204355356025,0.0449854492503366
"139",0.0322131085648139,0.06819718592031,-0.00245698085963536,-0.0047809663365145
"140",-0.0232449289489621,-0.00982077263185729,0.00533265374003173,-0.0369381806112497
"141",0.0145745652103986,0.0271383841449613,0.00482066212073545,0.00580992779241404
"142",0.0241771587327692,0.0410329777779581,-0.00200566434122652,-0.0150641338612314
"143",0.00679672209401508,0.0227978391400876,0.0426979728730682,0.0607424290955759
"144",0.127856746400383,0.0930518799688364,0.0502806775787851,0.0920679406845791
"145",-0.0333087157844321,0.0151958665858307,-0.0222032224615254,0.0154198815064534
"146",-0.0347767896289764,0.0206727816491485,0.00179134818690383,-0.00401198310522428
"147",-0.074522363613289,0.0151159919618853,-0.0448178548424393,-0.0539810876451847
"148",0.0124252939575668,0.0416228488857787,-0.0201748537136696,-0.0337395377694746
"149",0.0316206033124427,0.0481008008203737,0.0259871430614527,0.0342849361896183
"150",0.0427522694529492,0.049664733257345,0.0483770156830945,-0.0128934997481242
"151",0.051817965591143,0.0619299162145348,-0.0179477858310801,0.0340606099572548
"152",-0.00913622183084287,0.0209798789440708,-0.00728264394515947,-0.0290979317292584
"153",0.0691779355479117,0.0440323286190501,0.0334981620162344,0.0402320658430613
"154",0.0332411519744602,0.0643394947192559,0.0696135740059314,0.0008230149225513
"155",0.0290351644802103,0.0871760285720293,0.0202063629184171,0.0228653938242489
"156",0.0962608313894927,0.06807559501524,0.109931867679848,0.0447192693477839
"157",0.0531390585545143,0.0674784736125412,0.0533808342141989,0.0777383926068097
"158",-0.00556851012774909,0.0339313318315428,-0.00643903207358062,0.0284321135244182
"159",0.0183805442892222,0.0208756991396631,0.0713266172031839,0.0341648061931798
"160",-0.0553706821215896,-0.0255946668223718,-0.0352033769653921,-0.0625410673996802
"161",0.0120692089515754,0.0524028677850653,-0.0527378160933288,0.0171180982992299
"162",0.0948783518166917,0.106285569832131,0.103024813005823,0.0714553294382638
"163",0.0231277639408489,0.0478219633233758,0.0236322126613196,0.00889007523163996
"164",0.0301367019260985,0.0784081682092655,0.0376072203001701,0.0593542213413151
"165",-0.0545596656061068,0.0137688299014583,-0.0955929192099502,-0.0622061104977416
"166",0.00237728490792982,0.0522016092498675,-0.00369311738914597,0.00391638351989756
"167",0.0288298160991773,0.0203738614430299,-0.00316899932748771,-0.00507750193138114
"168",-0.0114727403180349,0.0256564602525869,-0.0437990511840883,-0.0264689799849127
"169",-0.00195349957163814,0.0190789391951228,-0.0394213148353372,-0.0194940974970722
"170",-0.0187249606317241,0.0057117671194857,-0.0498985725628585,0.0068945007995619
"171",0.000623235561368506,0.0794453510344208,0.0136999085914414,-0.0134138352393465
"172",0.0190232617152845,0.0420042720563844,0.027666070757862,0.0314071313414429
"173",0.0190931847986949,0.0195654924245096,-0.0111616347640537,-0.00148583993285142
"174",-0.0120720678653134,0.0166012355320351,0.035598889877419,0.00962246673454445
"175",-0.000578406082485265,0.0405721239779165,0.0205562463593735,0.0114549056984483
"176",0.0452798375915273,0.0505224687922553,0.0214960727086665,0.0205006888219905
"177",0.0421804973237276,0.0360446520115208,0.0257452928018967,0.00296267727599411
"178",-0.0145261047165998,0.0339723800255903,-0.00368184070245541,0.0278272610000443
"179",-0.00371815886309819,0.0218871871153448,-0.0292469247585896,-0.0411318054131127
"180",0.0520028632980502,0.0504855465467604,0.0384077527172012,0.0641270707069863
"181",0.00857543319948006,-0.00418244563361531,0.012107697565896,0.0548405691427223
"182",0.040045814821666,0.033398095002101,0.0303585859409243,0.0253486858006262
"183",0.0368569601111885,0.0512116381498833,0.00285476127569427,0.0194505978460966
"184",-0.0382775077066967,0.0328792984145096,0.01066341109505,0.0234489785346047
"185",0.0373098581275141,0.0246404441243797,0.0390880511997674,0.0543594402136362
"186",-0.00296295212007417,0.0502777287958376,-0.0610581893101346,0.0341654455177874
"187",0.0161464645787525,0.0374934019963806,-0.0534589515727111,-0.00720804508564892
"188",-0.00126757313210571,-0.00680323568638422,0.014669082188696,0.00383171269417788
"189",0.0198275088025545,-0.0024316870071409,0.00244861935168482,0.0390020566569026
"190",-0.0129336537675859,0.0100846757119411,-0.00816995400462971,0.00571340368542085
"191",-0.0534780319276668,-0.0224192965814317,-0.0735354738137174,-0.0619562114544151
"192",-0.0298615366924695,0.00334574593148487,0.0089577167251201,0.0139801215071134
"193",0.0223888557197737,-0.0241583746662356,-0.035781494243423,0.0150517531126539
"194",0.00391278706831396,0.0477314012882445,-0.0169324559447122,0.0435690188219598
"195",0.00912492202824608,0.0492314510480662,-0.0716065752468444,-0.0164193345007527
"196",0.00863111341994633,0.0504824023745051,0.0057853072449256,0.0359518712799124
"197",0.00293604555393953,0.0341396482822592,-0.0415828641637112,0.00623671676754698
"198",0.034064774218415,0.0436116058686403,0.0124493852465446,0.0589005076375479
"199",0.0288590604307956,0.0697983678781813,0.0168986559899784,0.027916111497329
"200",0.0148558210520939,0.0188283004326283,-0.00637017268957045,0.0311554969903036
"201",0.131447305025816,0.0739530962670593,0.050102004646229,0.0358616857929847
"202",-0.0043066794738468,0.0644957391488649,-0.0267882398551133,0.0405772356487204
"203",0.0453625511281379,0.0703439182715148,0.0332414443758232,0.076832524587859
"204",0.0526417151368938,0.0743812018553372,0.0882970966930956,0.0362905572380038
"205",0.00189010231014564,0.0543454383880154,0.00118517785130983,0.0406919484573793
"206",0.01976663446377,0.0488677801866032,0.0426611984299618,0.050850081897174
"207",0.0343812039539037,0.0291818746392798,0.0107315118784365,-0.00161074441977611
"208",0.0621626377710542,0.0556242614518271,0.0644187478267604,0.12956806984947
"209",0.017436486177874,0.046162008767388,0.0215093288512328,0.0422136728662659
"210",0.0664000363624807,0.0529759310053092,0.0836686693793654,0.0544998585728234
"211",0.024031703252646,0.00965834808684254,-0.0107092429095276,0.0395064781690379
"212",0.0413524340369404,0.094594868117703,-0.00560444656177686,0.0673371477754581
"213",0.0171429414373384,0.03500936294417,-0.0116935137408559,0.0375978719234865
"214",-0.0473373592098645,0.0500083199704226,0.014373395348756,-0.000235713589874669
"215",0.0112994191248092,0.0333210139659448,0.0208854391762245,0.0403383107878915
"216",0.0222556030111797,0.0416378805610636,-0.0103800248703051,0.0178504140389134
"217",0.0757696903814446,0.108438290403351,0.0118154234718341,0.0223101333192061
"218",0.0295295367452923,0.0490642519672448,-0.0215447501559971,0.0227584061910235
"219",0.0496086703344109,0.0203094404986592,-0.000483948949156134,-0.00434796701889019
"220",0.0517274319990536,0.014356371231815,0.0279818906705911,0.00429798976046787
"221",-0.0175528733015617,-0.0333371661288517,-0.051941047692213,-0.00674054652012447
"222",0.0197434701639045,0.0161044338545962,0.00805536622263322,0.0669144334230464
"223",-0.000609679112624611,-0.0138266008807948,-0.0667261953827361,0.00736873627710967
"224",-0.000474859777441058,0.0525530806608259,0.0138115176280923,0.0512184965374668
"225",0.00993864905718246,0.0341580828670182,0.0232713223559441,-0.0182302237643863
"226",0.0321016249737205,0.0306695215168671,0.00719278450599735,0.0287542239062049
"227",0.0379957450205778,0.0735896765078606,0.0441318119337917,0.0231238764026147
"228",0.0463873621882399,0.0588828956775011,0.0103366451064233,0.0650006409171205
"229",-0.0322688561837671,0.00713452209534066,-0.0377292118363344,-0.0600339600613711
"230",0.067359894629255,0.0349842636798807,0.0504378482932198,0.0113690826717862
"231",-0.00545343356669342,0.0630523594862976,-0.0213088414788876,0.0405602067908425
"232",-0.0108137052059856,-0.00271832228665166,0.0471665706861209,0.0337950883117944
"233",0.0574383506513934,0.10206478718481,0.060926111374632,0.0576937937007956
"234",0.0771821873577795,0.105555152793902,0.0648365912471986,0.0798513083479831
"235",0.0175324315590806,0.0407901379886104,0.0597028056288769,0.0627089848480484
"236",0.0243978982338749,0.0293653929250504,0.0323920243701834,-0.00131391324333012
"237",-0.0111744119192838,-0.00990975488806391,-0.0474118870911898,0.0164598343281744
"238",0.00845153974662022,0.0413955411191342,-0.00680263296921243,0.0326900806681007
"239",0.0459107598359945,0.0373940191388456,-0.00183892104301544,0.0177321576688637
"240",-0.0354152989408814,0.0498761527211086,0.00589618941971825,0.0265008420075379
"241",-0.011406505250444,0.0341640305876141,0.00110533577700699,-0.00259556758458861
"242",-0.0398095069071549,0.00106657334232211,-0.00228922887771135,-0.0275313684305463
"243",0.0124973337323138,0.0663180778296915,-0.0384049528333885,0.0194714402977504
"244",0.0124522746335771,-0.0116825389272889,-0.00356775598463531,-0.00349831219032937
"245",0.00809260834761594,0.0867067886106032,0.0512425787178851,0.0492768268978463
"246",0.0221457360640146,0.0725531045349263,0.043624159263584,0.00905402498430139
"247",0.0247999880548186,0.0513036276915856,-0.0185463936614683,0.0465091511481593
"248",0.0136962360766028,0.0581027954964962,0.00240131985483014,0.0443678741439881
"249",-6.76258898096845e-05,-0.0497237858389883,-0.0480633468145992,0.0254118941427385
"250",0.00106756957620447,0.0170859812383415,0.0448694173256944,0.0194905573608813
"251",-0.018374237306972,-0.01361696307582,-0.0477801665749414,0.008057155527419
"252",0.0157258951567699,0.03428345943696,0.011274368645148,0.0245938796534047
"253",-0.0161734024658665,-0.0205656171615805,-0.0631947674259629,-0.0153222668232633
"254",0.0271747079786207,0.0461298814155842,0.0210550981479605,0.0199915810170484
"255",0.0122775736872078,0.0384960060583021,-0.0321427166773011,0.0137329665076894
"256",0.0480944058968202,0.0350179490048471,-0.0470279534309124,-0.0308992478471108
"257",0.0196295260998646,0.0628719728751944,0.00864902802821944,0.0390847270521002
"258",0.00667372417179962,0.00905739578310025,0.0135238940312764,0.034232230351989
"259",0.0228009522509584,0.00740136145639378,0.0328537868238738,0.0460611559668749
"260",0.0274590601256959,0.0278112017091613,0.0281810064867381,0.0370720431204641
"261",0.03635039030111,0.0280540593276599,-0.0213347114843812,0.0245013580862803
"262",0.0342191972827998,-0.0112103312230139,0.0430790265914714,0.0241084126357349
"263",0.011017944615661,0.0179973190544524,0.00518553051729117,0.027218006794613
"264",-0.0128727770585618,0.0131696939689168,-0.0307398045994802,0.0116551530050673
"265",-0.0432947481282959,0.0172148154935195,-0.0055390304822352,0.0145526521837415
"266",0.0644782949197739,0.121588452942136,0.076514938063661,0.0796297411905632
"267",0.0136118279323477,-0.0125000472611033,-0.0279643108096987,0.0108287540886891
"268",0.0649939359464013,0.111652316646119,0.0406560796451742,0.0519166192383754
"269",0.0246108699848222,0.0461794255911127,0.000314773330894385,0.0419707980862499
"270",0.0388882081683759,0.0266826272579082,0.0137517936712925,0.0208305478978512
"271",0.0127650353320704,0.0329580568096379,-0.0228124168941993,-0.0283502154097558
"272",0.0116644269370393,0.0109579615547899,-0.0287809934213603,-0.00298908580654054
"273",0.0244792959243424,0.0636360428707505,0.0547915639456951,-0.00348458622096128
"274",-0.042373651397023,0.00433359303631319,-0.0683120747035647,-0.0235819757999338
"275",0.0015278542427016,0.0172365934401247,-0.00756099128830277,0.0165161013273936
"276",0.0360706992860911,0.0547151181376302,-0.0408475264713183,0.0390791361819687
"277",0.00295351279864945,0.0486643140525354,-0.0426055753805063,0.0279813556994085
"278",0.0138711053601201,-0.0257079981682633,0.0201480714407218,-0.0534127441090703
"279",0.0143704950834203,0.0372333958816117,0.0538821138812871,0.0614128208387645
"280",-0.00543330187768403,0.00317136741777591,0.00151621508588227,-0.0101350317409587
"281",0.0328820243547437,0.0791480470001669,-0.0178416218430508,0.0106223787414603
"282",0.0115520429566353,0.0153881265253213,0.0154331652260736,0.0416772860989126
"283",-0.00530019411732933,0.0148733543617404,0.0130673991315206,-0.0369581267530339
"284",0.0405873310675101,0.0322293884114576,-0.0159861129730835,0.032374775591347
"285",0.0175716857847355,0.0260026037040679,-0.0141167857223287,-0.0343775688482772
"286",0.018121642195354,0.0466488030053498,0.0261449632211368,-0.00619104182223834
"287",-0.000702631076702939,0.0203067056772673,0.0182847370235565,0.0441619636157958
"288",-0.00527786442011954,-0.0218612987320336,0.0164163468765678,-0.00695008820624177
"289",0.0296870197351857,0.00698277078894297,-0.00551939291524169,0.0274567181496352
"290",0.109400479570041,0.0450225760911773,0.0770372788655281,0.0552019311048077
"291",-0.055261958045693,0.0401271121585969,-0.016822960720127,-0.0230553258390296
"292",0.0380136722726586,0.0875883980987601,0.0261577691505891,0.0271637633512437
"293",0.010432945515933,0.0355495688278928,0.0249203030671213,0.0182689843317806
"294",0.0188244107725515,0.0524433850149799,0.0552937510901314,0.0393418371672506
"295",0.0231507299811286,0.0220167920704412,0.0227923662979016,0.0273328256942083
"296",-0.06562083701423,0.0249981521662148,-0.0760039024024105,-0.0387211674777543
"297",0.021193986032422,0.0393416278799033,0.0322497324179423,0.0356599001609373
"298",0.0421189099014876,0.0284791510790816,0.0597623149043309,0.0158819098176321
"299",0.00222673595636338,0.00924393127995005,-0.0112830910881136,0.00575445649471916
"300",-0.00419922727267857,0.0311658279054807,0.00450292940312936,0.0177893918664337
"301",0.049818130880982,0.0521653986050565,0.077612480289928,0.0198091469090274
"302",0.00916997463032211,0.106616511192296,0.0181510978304959,0.0274625678548981
"303",0.00232684305097581,0.010515775194191,-0.0305689465668169,-0.0476789430867901
"304",-0.0125002333362021,0.0589468561796194,0.0421566729478578,0.00503675041533615
"305",0.0381767197122469,0.0164178647306099,0.0157591837543939,0.0335476839447036
"306",0.0448087091885903,0.0343586378094072,0.0335826144284781,-0.0155960310306543
"307",0.0629172704872743,0.0590393763171253,0.0222462820781755,0.0521541059791605
"308",0.024296049057868,0.0736557326869888,0.0685129546448612,0.0478536887358959
"309",0.0386362667378327,0.0333502249972146,-0.00717440148428027,0.044005240201173
"310",0.0264145359550121,0.0601246483843755,0.000170984592469558,0.00337895243854663
"311",-0.00635905744736944,0.00902783251151983,0.00223063177489035,-0.0144783478588275
"312",0.00745035531801256,0.00712844057619461,-0.021777054777601,-0.0139542410366713
"313",0.0176258649089306,0.0398325374438008,-0.0602503462273536,0.0143501336129806
"314",-0.0348103075822429,-0.0218745781045928,-0.0619406254035118,-0.027196222532184
"315",0.00439518484222179,0.032074428997424,-0.011399264174592,-0.0139322765547453
"316",0.00123168810001912,0.0135175395400316,-0.0180782235078171,-0.000816312395214592
"317",0.0701488852280196,0.0500173212810705,0.0249193494150658,0.0800725367990911
"318",-0.000851965685833143,0.0502635217969382,0.0189611552364827,0.0219657648242073
"319",0.0135871713648697,0.0167241698509051,-0.00111990898073323,-0.0121979233603279
"320",-0.0213049221483042,0.0112655609263248,-0.0627813751993473,-0.0444459931751115
"321",0.0549811993353449,0.0599056338277023,0.0414229964586,0.0319518112875492
"322",0.0237413749334746,0.0274613032315389,-0.00853044198888941,0.0307983000263636
"323",0.0485712389858153,0.0235377260131081,0.0358290851313744,0.0525752425419122
"324",0.0681830454799563,0.0323198223069798,0.040067951155214,0.013244857706593
"325",-0.0336360444699248,0.0196766850201154,-0.0599021643540575,-0.0149354307541486
"326",-0.0049978804283343,0.0176071940638662,0.00388907095812043,-0.0101134912195292
"327",0.00666392861180635,-0.00466911872454756,0.000425546490186104,0.0107466923888707
"328",-0.0185792252318908,0.019814036252398,0.00373381900748593,-0.00888069625254224
"329",0.0255109349783946,0.0598124139617039,0.0224028834002343,0.0272683926638795
"330",-0.0605723600974326,0.0164674542277585,-0.0304621024359645,0.00955112127763754
"331",-0.0267870714858508,-0.0163534361499419,-0.0043755446371508,-0.0160516225250302
"332",-0.0141241537959077,0.0056487900745024,0.00340106648223659,-0.0151569693994279
"333",-0.0432714037858219,-0.00578951859941294,0.0179184975591778,-0.0401325818774767
"334",0.042490751873743,0.0239414919430253,-0.0184216905754969,-0.00814290045740184
"335",0.00767344243955967,-0.0203920422918925,-0.0385477211921798,-0.0261786878349171
"336",0.0243533565572267,0.0431120652499292,0.0349711094793554,0.0309211874584649
"337",0.0152167430730906,0.0389153179076575,-0.00215700773244853,-0.0274803147351355
"338",0.0380499916584529,0.0446606157681036,0.000797426826292108,-0.0180289050745175
"339",0.0449970943536564,0.0257131497991378,-0.000304898868591691,-0.0182957702455803
"340",-0.0127687824300184,-0.0276528015445495,-0.0102951166295648,0.0340591086606189
"341",0.00222074580527598,0.0317432560517406,-0.0172669609250325,-0.00344237570877364
"342",-0.0103832997800174,0.0403552999923838,-0.042081981588926,0.0204535571694403
"343",0.0633366788836778,0.0512476752440567,0.0178370497266768,0.0382363599745188
"344",0.00878127071137249,0.036496211952384,0.0162000362100526,0.0306462891206173
"345",-0.0243722336609111,-0.00512208111695421,-0.0281565613205372,0.0134723721307152
"346",0.0599127842961457,0.0370731148916855,0.0261590510177034,0.0440334271746895
"347",0.032577330536819,0.0137987991703458,0.0604937087270104,0.0643488717191108
"348",0.0667746928434312,0.0311855419240995,-0.0506510309243868,0.0370959782482227
"349",0.0775385476722835,0.0782078406312386,0.0641991105872629,0.0953174445027383
"350",-0.00855260124008971,0.0602438514168746,-0.010950616113482,0.0228241092371286
"351",0.0218718452880652,0.0477496053161692,0.0344432194252595,0.0291643576908055
"352",0.0164181189618451,0.0557666786456334,-0.0631533820460251,-0.0143114851174668
"353",-0.0475849277850498,-0.0278422291950959,-0.0775071754842204,-0.0112058925241865
"354",0.0360743994246102,0.00351639983335877,0.0122593923562045,-0.000769655218961187
"355",0.00728173531133576,-0.0155519262758125,-0.0698168948324692,-0.0331493748715357
"356",0.061510300487513,0.0804691987750414,0.112580627181805,0.0731875878032847
"357",0.0442133846367184,0.032750502334655,0.0660300485768049,0.0208134911601486
"358",0.0704888255526977,0.0892666673646867,0.0766804769912386,0.0375436163000233
"359",-0.02614097695635,-0.0171183842925337,0.00680959703717381,0.0462447773492003
"360",0.124569399733885,0.123892524633996,0.0695930355703889,0.120701885416343
"361",0.0398009150215982,0.0421050369232462,0.0685279660268032,0.0155522184192687
"362",0.0394063983706737,0.0901971538841771,0.0659758539468089,0.0880135569584389
"363",-0.0489103359609493,-0.00826205429005518,0.0112692747850165,0.0061678100017512
"364",0.0478913697748269,0.030450202231839,-0.0234906663959391,0.0051235309462548
"365",0.059067496388776,0.0160620891944871,-0.00837876865517872,0.0245632800377905
"366",-0.0352417579903273,0.0140875306936095,-0.055847083149018,0.0316428570163237
"367",0.00984303560578869,0.0158860576801548,-0.00233089310175239,-0.01635631698923
"368",0.0034199170875544,0.0204049653248285,-0.0153216006009673,-0.040007755031152
"369",0.0450605448460882,0.0372746819992989,-0.0371936577249571,0.0107655903648265
"370",0.0174367247030051,0.0627676796246585,0.0275857207547112,0.0317853267934655
"371",-0.0132653087271498,-0.0114208330085481,0.0118074615173217,-0.035479863962626
"372",-0.0131014692925916,0.046276141423737,-0.0172749445010401,0.000475698444539157
"373",0.0341959733348183,-0.0092258569057272,-0.054267379753589,0.020954225586132
"374",0.00680868720096035,0.0647502197446832,0.0137543926833921,0.00341998505343878
"375",-0.0307423274971744,0.0173823057388339,-0.0478980854128264,-0.00690188809907503
"376",-0.000247256815677135,0.0403397723060059,0.00463919599933209,-0.00287510782540345
"377",-0.0357163655476994,0.0288943931391721,-0.025723168217602,-0.0235020606373485
"378",-0.0173781512370324,0.0501385355644033,0.00905183624653733,0.0217517298385546
"379",-0.0953194951456663,0.00554854786424777,-0.0554892553551398,-0.0518141878461892
"380",0.06674761645606,0.0516257221108305,-0.00572436081069229,0.0225417149079259
"381",0.0239015249571259,0.0290008090210396,-0.00287528409260664,0.0179193529912986
"382",-0.00107961422180681,-0.0194902351245312,-0.0683928363008316,0.00474926024777676
"383",0.014958153617261,0.0352400429437424,0.0586969915240203,0.0391119468861119
"384",0.100633585787542,0.114518509330535,0.0678902938489082,0.0813937295408649
"385",0.0219725324316342,0.00605835145990037,-0.0269946933122526,-0.000958658954031224
"386",0.0184572309187501,0.0682640841176849,0.0316475866311184,0.0395243139524477
"387",-0.0129516443139638,0.0165038374575183,-0.0510283339446329,-0.0525161058992822
"388",-0.025164422363829,-0.00232867925276669,-0.0238040479792914,-0.0232215926539779
"389",0.00863046180304426,0.044431625255646,-0.041560000455732,0.0266674704385652
"390",0.0683993017353085,0.0333719555224649,0.0925895921831193,0.0729699514613062
"391",-0.034403762119558,-0.0061895037656294,-0.0248648831847747,-0.0254558068261132
"392",-0.0150958498687175,0.0380698461376537,-0.0355636995012856,-0.0149566076150061
"393",0.00272361621318695,0.022266112320618,0.00373404093788221,0.00465132769557282
"394",0.0104018416174353,0.0739356643243025,0.0320315056916382,0.0547875955091588
"395",0.0473895271891126,0.0600386770067669,-0.0187708266906362,0.00178870481372038
"396",0.0316024611378889,0.0762720014609139,0.0206294276197649,0.0164990296115659
"397",0.114697433484129,0.0649049412083338,0.0835242113933456,0.0356374087105864
"398",0.0625397542506489,0.0947009461228999,0.0633078907789573,0.0849985080343255
"399",0.0243845830704185,0.0490465345475585,0.0123341825410846,-0.0456194500042951
"400",0.0432656854254061,0.0476881261712286,0.0339413642572383,0.0522759474824219
"401",-0.00345081293852841,-0.0190839158007524,-0.0142972515268988,-0.00491260469594733
"402",0.0344908408229839,0.0564045938322429,-0.0225518329851385,0.0424011665489094
"403",0.0354049781240123,0.0789068425379761,0.00463777358700709,0.0389475497415225
"404",0.061669503567463,0.0491160014712733,0.0535405825045633,0.0725562210216354
"405",0.0440614763791049,0.016860427912111,0.00328926885346901,-0.0125277133061726
"406",-0.00203306204812034,0.0330318314775193,0.0284392761972498,0.0122998571795217
"407",0.0297771179748693,0.0628735156076626,0.0379892335977314,0.052320541396967
"408",0.029704747865528,0.0510080081744414,0.0149483165020657,-0.00715866948311339
"409",0.0337930732138404,0.0411488172592179,-0.0181285536341943,0.0369438571433195
"410",-0.0218582327398624,0.0227898185896396,-0.0490771678027464,-0.0453668211967268
"411",0.0429298090188332,0.0287628073651907,0.0626606991900458,0.0589604515787343
"412",0.0326896392528244,0.0557222003230239,0.00107198363517503,0.0441149865603814
"413",0.0445821597928098,0.0105355674621435,-0.039052096015849,0.0147081809047534
"414",0.0436057160177012,0.0161538209319537,0.0303376055504868,0.0108342816609437
"415",0.0617759313648085,0.0571521117211352,0.0449898986733694,0.0292722701353139
"416",0.0226025504558337,-0.0164155370564084,-0.0310562754719419,0.0376192694516066
"417",-0.0155166518536925,-0.00306669394354515,-0.0466471104712811,0.0180750517951907
"418",-0.000358576116492054,0.0365215948685709,-0.0124220968452034,-0.033784935902251
"419",0.000856350699073596,0.00536264326565564,-0.0557865132849478,-0.0177537975153827
"420",0.0762887606796146,0.0339765505109458,0.0230600646931421,0.0243605389768675
"421",-0.0207958000286913,-0.0301685203355881,-0.0469920072425088,-0.0193273018434777
"422",0.0318321664795544,0.0116054107199085,0.0442035288219648,0.00372073998758417
"423",-0.0850088549832838,-0.0355247549624877,-0.0764691430259175,0.0117605042086584
"424",-0.0309137579243332,0.0101934229429706,-0.0249482322315288,0.0302725829240633
"425",0.029164435037104,0.0790813675236266,0.0431971601567759,0.0626963623948419
"426",-0.00969686969503199,0.0438656939228698,-0.0209378763205423,0.00809166770980864
"427",-0.00975397316479394,0.0146059888179037,-0.0379027261561122,0.00189495957873898
"428",0.0733288207163039,0.075220366430814,0.0277631267219022,0.0579439947625285
"429",-0.00874213309406905,-0.0195569871848515,-0.0700878738389276,-0.017923581192516
"430",0.0694093377490261,0.0230896320532509,0.0109904554043241,0.0340948574192262
"431",0.00323971037834652,0.0559889326939309,0.0387074083267143,0.0339126918690559
"432",0.0266229154219906,0.0524973366006301,0.0117992784899066,0.0354763300257134
"433",-0.0118846091008957,0.00880586507484211,-0.0100438450115565,-0.0330917533459039
"434",0.0610042103002268,0.0343880729233662,-0.00377589016138785,0.0455566620207262
"435",0.0649000364741546,0.0843228591307645,0.0347330572980173,0.0852388338240503
"436",0.0102734132962794,-0.0130569746318728,-0.0175593899767688,0.0181376092709894
"437",-0.076305606622169,-0.0149371446770266,-0.0743432629978289,-0.0625785553485785
"438",0.00585099518335698,0.0841698784998429,0.0242582158767181,0.0278538269578754
"439",0.0970406767805887,0.0735178860137395,0.0732480261765626,0.0845483686858188
"440",-0.0144803475205801,0.0363401279425835,-0.019206778164938,-0.00772256624056479
"441",0.0375684654562404,0.106173438560031,0.0541921834654298,0.022610506015187
"442",-0.0129149996807806,0.0295451713373698,0.00443509052291766,0.0625093395508597
"443",0.0549048199441706,0.045747962598272,0.0109039754144715,0.0402535743008685
"444",-0.0979325859818746,0.00869384412389072,-0.0424088952541419,-0.0323520452578961
"445",0.0258377193997398,0.0356989519271565,0.0566399862114677,0.0120619282036934
"446",0.0288897035629882,0.0626273720194992,0.0423763736595395,0.0327381667364687
"447",0.0251823046231985,0.0412243478101628,0.0178024845263718,0.017446036103787
"448",-0.0164685098762417,0.00295690060241607,-0.0333575381902618,-0.0304498764989345
"449",0.0181294583969796,0.0377591290210021,0.0307438403068064,0.0372500197014857
"450",-0.0190108141324535,0.0171018925513847,-0.0140452390799128,-0.0364507386021579
"451",-0.00200836151746955,0.000410916390041398,-0.00776606691510536,-0.00746018752557784
"452",-0.0201898692466637,0.0154460961781713,-0.00751491620988393,0.0104426369930201
"453",0.00952954712044578,0.0373358408229936,-0.0643688843438008,0.00864634141155403
"454",-0.00082910957043679,-0.028163019948805,-0.0179526910779,-0.0483387503511505
"455",-0.0270195349676338,0.0426175866775042,-0.0270660210350171,0.0159786691533872
"456",0.017113196381814,0.0837968815190097,0.0100389442523216,0.0561769541808163
"457",-0.0710719724998346,0.013355199305629,-0.0734971482900187,-0.0503635825068575
"458",0.105939391520974,0.101370449628419,0.114491932087412,0.0661616543958228
"459",-0.0380989017103138,0.028869859608372,-0.00673466370257019,0.000394192044981356
"460",0.0787706102667663,0.0718567111648034,0.0205693799092293,0.0974489727913498
"461",0.0058296552003565,0.0228486925652436,0.039196809324799,0.0269059525787216
"462",0.0440539662832507,0.0589178012537875,-0.0043311619649682,0.014986847459577
"463",0.0462979131251487,0.0300939324153771,0.0134318873752617,0.0280813570966864
"464",-0.00944213303462074,-0.00364437831083564,-0.0395979232247752,-0.0501190636156808
"465",-0.00607896941139164,0.0363685304599143,0.0279945659211279,0.00132671413911185
"466",0.0411831765467522,0.0699617561344814,0.0255894509972621,0.0341633085610418
"467",-0.0384542327352323,0.0412631127604465,-0.0227258765548896,-0.0181142641316093
"468",-0.0345417808343549,0.0134114407645375,0.0037447006859368,-0.0115992093213056
"469",0.0144857153188236,0.0174415022199996,0.00467811995074309,0.00933583215706644
"470",0.0330093081033393,0.0437684394447373,-0.0131990799382879,0.0260531352344102
"471",-0.0194174047949988,0.00704043649502666,0.00239541036525263,0.0209709509212447
"472",0.0287872606485496,0.0464204958358987,0.00584316498027738,0.0394824026942961
"473",0.071958597646328,0.0562682745218481,0.0616599685101484,0.0349452390439897
"474",0.0132282150917796,0.000898742367829403,-0.0393264381945855,-0.0529576375820238
"475",-0.0172956975395518,0.00444418392980615,-0.0373621216877666,-0.0300046201617371
"476",0.0528917621330928,0.0224804642679295,0.0360842853286981,-0.00533927412912676
"477",-0.0137219438008529,0.030690126393535,-0.000427846316421906,0.0610629531460276
"478",0.0244669950243228,0.0621316896200121,0.0203333282758381,0.0448490709278516
"479",-0.0248095759702775,0.0209896683005249,0.000804958311143528,0.0168151831903212
"480",0.0523175203377264,0.0031785798054953,0.00578740412491449,0.00684548345243372
"481",-0.0276637818531262,0.0232387468903722,-0.0273089211911432,0.0101571214084472
"482",0.0573829186808127,0.0370747271823318,0.0303436782756053,0.0296495061606935
"483",-0.00510204520405832,0.0740362713423737,0.0193271130657246,0.0173807036409876
"484",0.0184261106103878,0.0401964001935414,-0.00749776390320413,0.013603774686722
"485",-0.0313024990052376,0.0223083989453126,-0.0282420845878781,-0.0213443503067198
"486",0.0116148839290223,0.0166181773873764,-0.0105058077223612,0.0141317202251921
"487",-0.0151659483710142,0.0447568759397938,-0.0400489768019366,-0.000829889586958113
"488",0.0757942987528985,0.0160346814614264,0.0169621218369188,0.0197175673441515
"489",0.066073330420592,0.0946607233471443,0.0589164143123082,0.0554066482144596
"490",0.0979112607589921,0.0494611411619753,0.0150951454912479,0.0590574862560255
"491",0.0187234816331803,0.0461952652471359,0.0305179460149547,0.0111904376858867
"492",-0.0080203139490531,-0.00518348687739702,-0.0218924506294004,-0.00873628738564007
"493",-0.00766461105146586,-0.0111078550259122,-0.0767447685867732,-0.0226748602797618
"494",0.0807839856867884,0.0435358407332389,0.0178320984232992,0.0313756814779215
"495",-0.0113535706126236,-0.0222075365716186,-0.00290689896882067,-0.0606545403388581
"496",0.0136442285345448,0.0386879327677462,0.00675122743169468,0.0177946089439617
"497",0.0451184629036248,0.0592020369108173,0.0645264885623238,0.0396383289947594
"498",0.0270440724260747,0.00645769489162271,-0.0129713851509674,0.0259350607883572
"499",0.0111288504673976,0.0143794630838735,-0.0123197889005961,0.0155999644421758
"500",0.0518441497067695,0.0539373432638249,0.0123572874028679,0.0233000105533644
"501",0.0577747726295321,0.0470458166361154,0.00971551793998155,0.0201017886704023
"502",-0.00184345506028514,-0.000691859059202069,-0.0819625916245658,-0.00528171293178877
"503",-0.0123722232165027,-0.00520691999210918,0.00277112196124294,0.0040582135978711
"504",0.00829505160066783,0.0283027312919263,-0.0440499168243621,-0.00278070343675289
"505",0.0263048057614953,0.0188350803883722,-0.0395171024225245,0.0366400397892698
"506",0.0703019824230616,0.0647245551038219,0.0183065854206924,0.0613020037050094
"507",0.029519184897695,0.0497976940193363,-0.0369670973361834,-0.0559672542208452
"508",0.0750594507459951,0.10435442049171,0.0709559969861918,0.0864577780045534
"509",-0.0138048378121745,0.00543083942707456,0.00427959516290256,0.0151565736912304
"510",0.00162021020141898,0.0107245293873089,-0.0277080199777044,0.0510044949531013
"511",-0.00084023279385719,0.0313531135150021,-0.0130446332746381,-0.0251762853936089
"512",0.0419228097379313,0.0491439174065989,-0.0182943834841477,0.0481375247959051
"513",-0.0139332213579791,0.0891959032298668,-0.0297460635974272,0.000786325798238094
"514",-0.0519583669900491,0.00218135266287721,-0.0193860451566372,-0.0114953493051546
"515",0.0337739004866966,0.034563009006433,0.0170432369845019,0.00412111140803434
"516",-0.0329710178984751,0.0262930364983219,-0.0128172286580509,0.00288104689257992
"517",0.0201571910368787,-0.0201364652595129,-0.00330439432078964,-0.0028373367911842
"518",0.0080116748708106,0.025864311764509,-0.00842213206458184,0.00418090306960398
"519",0.00373466241303848,0.0158421405709792,-0.0290733073201835,0.0311181356803496
"520",0.0213342969554335,0.0361994402257966,-0.0302841218163397,0.00957307622455001
"521",0.000826247147905786,0.0350008715151855,0.0443802997556606,0.036940740466115
"522",0.0514882184256385,0.0344694035794213,0.0131604009135658,0.0360049063148326
"523",0.0601658781359134,0.0303712541772983,-0.00746596983433304,-0.00798971080248088
"524",-0.0241104619235193,-0.00849879489337927,-0.0667750472578665,-0.0239489036819954
"525",-0.0117966893580759,0.0263531158391119,-0.00628141018830378,0.00204863386346334
"526",0.0479466391947838,0.00501360579260768,-0.0100121556056994,0.0523953250657775
"527",0.0328918761510732,0.0374890306308211,0.0407413713396301,0.0457233820287259
"528",-0.0201952952719449,0.0342224604757149,-0.0109842226860669,0.0372525239854428
"529",0.0484638561670582,0.056918886763793,-0.00545571625358725,0.0351568494410407
"530",-0.0289098126949769,0.00663711551209878,-0.0422973168463356,-0.0189817934949436
"531",-0.0177739264132131,0.0150527623329677,0.0534349633679802,-0.020873027475307
"532",-0.0223175390368248,0.0106997582677836,0.0138248315775568,-0.0245095838653325
"533",-0.0627015232744996,-0.0489831708305518,-0.0743032024922033,-0.0431589923836666
"534",0.0389465388529378,0.0257589268656132,0.00893688327691133,0.00342513407017523
"535",0.0428458507373835,0.0635043522889544,0.0244952417739645,0.0381971235829214
"536",0.0543620166658696,0.0813140261892837,0.0687604802864247,0.0934529132088944
"537",-0.0433284296063981,-0.0200944527939605,-0.0698286030581603,-0.0296069081383566
"538",-0.046285305187485,0.0243714643985971,-0.0302578363586682,-0.0314235007680435
"539",0.0522339660987332,0.0487317458488787,0.0517885550599423,0.0776519175236273
"540",-0.0561736032733308,-5.54745159108219e-05,-0.0242440320500264,-0.0357372009221686
"541",0.0175620735529244,0.0771110349134123,0.0177276818196762,0.0422323164818364
"542",0.0732173615136688,0.0613163596327143,0.0343118143753551,0.0860181203339922
"543",-0.0516347298532776,0.038243392834549,-0.0227044536275579,-0.014818509144724
"544",0.0461073606877232,0.0865870439328039,0.128578820064279,0.0957582321015429
"545",0.028101112729271,0.0871333932848148,-0.0119641248650676,0.0657237458601535
"546",-0.0072697366776561,-0.00105573425798033,-0.0209084833012795,-0.0204293103404757
"547",0.0411660952137794,0.024365914790455,0.05356382314762,0.0773545907531707
"548",-0.0440233728908511,0.0243179143288137,-0.0328745993993127,-0.0193662439238038
"549",-0.0261442540502797,0.0349920472995544,0.0308736018037133,0.0023016976684757
"550",0.0117983727980047,0.0553761906348405,-0.0312723485286683,0.0430558520603953
"551",0.0388890846649407,0.0160869493259873,0.0097774948221889,0.0482992441277086
"552",-0.0478150311692042,0.0461619823117647,-0.03213797354825,-0.0134441528162476
"553",-0.00629834086262157,0.043963873170454,-0.0124167333291176,0.0521703889434835
"554",-0.0270537197268054,0.0726197195390115,0.0363839733485083,-0.031884157735508
"555",0.00920318090078545,0.026094186622956,-0.0247100343323987,-0.0127786460778743
"556",-0.0329455422594935,-0.00398355321875943,-0.0377689431255992,0.00190210084880215
"557",0.083736950270684,0.0860718477538429,0.0590989517791714,0.0479410302470319
"558",-0.00550083275083828,0.00758971007957453,-0.052250019373254,-0.0379513249411076
"559",-0.0335741442230626,0.0249655952252041,-0.0115471472282187,0.0285709921218001
"560",0.066661797873542,0.0385472295219285,0.0358093353539212,0.0399166030533896
"561",0.00266886498344165,0.0319080706904086,0.0465125485008398,0.0206863792405435
"562",-0.00800414886941634,0.0895725027363604,0.0210438180504847,0.0176136039860801
"563",0.0209960460643793,0.0488645442405802,-0.0470266885852254,-0.00898828549518426
"564",0.00152246576240452,-0.00593476632774507,-0.0364423808918105,-0.00881406734595749
"565",0.0009718285811928,0.0415498163849684,-0.0254191425977298,0.0253424484001478
"566",0.0446203181588559,0.107529736031175,0.0723427772557823,0.0721050698656976
"567",0.0213823451342401,0.00409643928285863,-0.0493301870028236,0.0225509796650263
"568",0.0443862929887953,0.08368307755983,0.0438064656317179,0.00875746690330629
"569",0.0996766825034873,0.0306244782328596,0.0404937516258542,0.027243055449282
"570",0.0149753059116117,0.0450392411607532,0.0278246499000888,0.00444757163068197
"571",-0.0247776755363142,-0.048547280764157,-0.0663011322056939,-0.0144893551656207
"572",0.0152456848960593,0.0557253066756874,0.00701199688128821,0.00324750974772166
"573",0.00621735913894552,0.036910142428086,0.0543252752988259,-0.015965741090751
"574",0.0387571788073975,0.0119029133986802,0.0449617269108347,0.020133488580201
"575",-0.0608619769594735,0.041477005020087,-0.0111073275813598,-0.0200970651107027
"576",0.0309489984957802,0.0237968801043763,-0.00221078333888064,0.0552493431359532
"577",0.115148990476489,0.109796394368938,0.08840289523523,0.0751750802509423
"578",0.0321833877319249,0.0540115490488556,0.0192002107573135,0.00510340416310027
"579",0.0862092840682549,0.054789799525488,0.051719382150587,0.0424107480156964
"580",-0.0076107700931798,0.00641704540860226,0.0140483913289576,-0.0256320467813349
"581",0.0457424607480321,0.0598578501302331,0.0441043519937299,0.0466313811644247
"582",0.0540363349045173,0.00408850608436446,0.010401562607943,0.00318629619414047
"583",0.00685486496786174,-0.00577268408443066,-0.041744140491249,-0.00701409561184188
"584",0.102435196651284,0.0831458277390657,0.0259647417679727,0.0898791779131821
"585",0.0155277612298937,0.0762612974066232,0.024192550347528,-0.000588382428262197
"586",0.0234494819008564,0.0493876789346351,-0.00665297394346481,0.0227853226834729
"587",0.056159790186652,0.0462179599518655,0.0139104444669259,0.032992743713584
"588",0.0440327943501922,0.0828871344867999,0.0130975973843429,0.0158248094256724
"589",0.0148561989455705,0.0138357644601573,-0.0348279295512832,-0.0113825560404903
"590",0.0584356011482418,0.0393658950485205,0.0650097541287735,0.0259331404031847
"591",-0.00122342963984299,0.0321078071320273,-0.0538889523419995,0.0524434599512665
"592",0.00751409182264178,0.0313414017984507,0.0148302171043883,0.0414851430104706
"593",-0.0223793662502634,-0.00544141048828366,-0.0587946173935989,-0.0342545745994343
"594",-0.035952333134789,-0.00200487987252791,-0.0627980246854146,-0.00851096931406236
"595",0.0260360184981627,0.00184715738866901,0.0539294641631953,0.0285356534448416
"596",-0.0313948088360042,-0.0128518480741581,-0.037232359277103,-0.0609701491308291
"597",-0.0210317017482139,0.00163000762617818,-0.0580692880758361,0.00270180318518311
"598",0.0386690646460647,0.0425326925852563,-0.0342726436189313,0.0507213558096881
"599",-0.0373814320129369,0.0313617095172481,0.0300813187551155,0.00155226845352108
"600",-0.0267916875020605,0.0387419152435459,-0.00707286757698365,-0.0334819900983826
"601",0.050993862989845,0.027151102750832,0.0687656554903921,0.0603865625541653
"602",-0.0436220735627377,0.0190414589184423,-0.00806374093194577,0.00541413735428382
"603",0.0480102753050442,0.0784681099806366,-0.00190749326953646,0.0569327242034761
"604",-0.00749526555345958,0.00300451490285644,-0.0295741629872466,-0.00380374698429496
"605",-0.0135574622955427,0.0385576009907132,-0.0235232923461261,0.0339800175986414
"606",0.0541450352328277,0.0765759923169134,-0.00302713314792906,0.0413179482648445
"607",-0.00479837134915637,0.0666136491828471,0.0304674288171179,0.0553500732867444
"608",0.0160224746046761,0.0140657727542987,0.0432532062364282,0.0228766442208987
"609",0.047614347232608,0.0397250564265547,0.00228455105174913,0.0124720033614767
"610",0.0300368998567408,0.0285164020487691,0.0249445385368022,0.0138862369041815
"611",0.0342254829344428,-0.00217019459184007,-0.0251566475558729,0.0249108690522276
"612",-0.0292377223631262,-0.0127729195630061,-0.0331421282758455,-0.010760234555585
"613",0.0327203711762644,0.0163471197818977,-0.00844052147536126,0.00473967812950121
"614",-0.0137930997401706,0.0188384715602199,-0.0197115052452442,-0.0643249143526668
"615",-0.0202956241023511,-0.00695252823243664,-0.00589997106024012,0.00692767141510566
"616",-0.0248917401205723,-0.0161471900984043,-0.0594716031474191,0.0197489268880824
"617",0.0232126220465446,0.0284663807404761,0.031705314991274,0.0654016440385684
"618",-0.00575293620503691,0.0599319288436526,-0.0331982871536211,0.00796174334752954
"619",0.026603596186986,0.048946778604594,0.0274304064532642,0.0639453857037461
"620",0.013468983599422,0.0448520176672124,0.0477573143899414,0.00623217034525731
"621",0.0911131230821954,0.104486388406424,0.064079145686738,0.0584169695597239
"622",-0.000635963021852111,0.038132549382185,-0.0189951307553439,-0.00237232256340594
"623",0.0193200157331139,0.0321133723863153,-0.00784023554207643,0.0116097650564424
"624",-0.0298853556404424,-0.0381432336640358,-0.132153961326043,-0.100839423767954
"625",-0.0356695398978885,0.0232909606594681,-0.0429233333496899,-0.00314868122931902
"626",0.0205261938595526,0.0228999610118077,0.000265365995656876,0.0322070758754891
"627",-0.037956012741977,0.0145491262754141,-0.00263003819122805,-0.0044116049856951
"628",-0.0273179174130607,-0.00621301904838346,-0.0762395927131907,-0.0716986297031581
"629",0.00257571749030193,0.0204773590258792,-0.0350586947070127,-0.0319884680390684
"630",-0.0399373992587477,0.0165625801707902,-0.00735440396306607,0.0149394598980923
"631",0.00690077376361282,0.0238068337794067,-0.0671511925799063,-0.00157868872079572
"632",0.019313682035243,0.026486339846781,0.019047877539202,0.0518629877914788
"633",0.052685075433796,0.0398318207709446,0.0141300019927569,0.000276692928156906
"634",0.0263942237316917,0.0346050817352937,-0.0632675788480711,0.015170443943263
"635",-0.0579074580933682,-0.0171588245490776,-0.0174204144112396,-0.0487330023548037
"636",0.0228228334827241,0.0550834131595972,-0.00546647251813481,0.0447693429722615
"637",0.0154769999422694,-0.00571059088664228,-0.0314980761647966,0.0251912773278704
"638",-0.00113270564963197,0.00865586523832649,0.0103443963504068,0.00188648301732946
"639",-0.0133314517181329,0.0536200794995833,-0.0116815216321016,0.035026345532985
"640",0.039219044215465,0.0783600307551167,0.0628364616843544,0.0920288802979182
"641",0.030548854456663,0.0330457404471391,-0.0195042854168512,-0.0178419823111422
"642",0.029347847185311,0.0121067760650705,-0.0195633981032615,-0.028391867394688
"643",-0.000105408909850306,0.0173966139923059,-0.0129609554808508,-0.0046287432891318
"644",0.00393977237632893,0.0432115441066982,0.0129111125272437,0.0152290161115506
"645",-0.0156620023543057,-0.0147119071664644,-0.0405571462492279,0.0340791748525937
"646",0.0107255443365226,0.0461466354173319,-0.00374776087585786,0.00264057393724315
"647",0.0340283615988622,0.026166824211492,0.00283201054115132,0.0305289154335826
"648",-0.0131452782716207,-0.0298274811258383,-0.0134586991518179,-0.025238383915826
"649",0.00235655250367753,0.0550450891392854,0.021524806367746,0.0454454120594751
"650",0.0214189453211509,0.0106747554728851,-0.00178708303966578,0.00146382687233737
"651",0.0393446134330591,0.0269865668348761,-0.00263737460991094,0.00464660050114164
"652",0.0590644496486709,0.0550814821678965,0.05352280261155,0.0531995815455966
"653",0.00157990042378638,0.0566957563376071,0.0249078352384984,0.0234256672076528
"654",0.0614905255464989,0.0368380824573488,-0.00738813857531214,0.067054235316667
"655",-0.0237538784464323,0.000300267050232163,0.00351360551437701,-0.0264213894425601
"656",0.0650058730627693,0.0819636518309422,0.0198276668052272,0.0776030670100134
"657",-0.0697813294698258,-0.00341810767499421,-0.0691648462366014,-0.0670842250974697
"658",-0.0152051550547098,-0.0301586163224873,0.0160453619339259,-0.0458312202434967
"659",0.0601860615703879,0.0835521956163237,0.0207867962773358,0.0525090782551543
"660",0.0276390405636678,0.0259284164745949,-0.0222257771103555,0.016337180540057
"661",0.0598688903377445,0.07217741074793,0.0274169035951515,0.0384322088548537
"662",0.0324160168923191,0.0309870794065208,0.0484725980361714,0.0275750077962663
"663",-0.0203492191407811,0.00588819369633642,0.0101789993342118,-0.0144907445403965
"664",0.0375712977896727,0.0843432014703313,0.0465779189149311,0.0672606132282251
"665",0.015298107585658,0.0118239562903143,0.0131436421357054,-0.0241733778662067
"666",-0.0185485158343764,-0.0148272658038292,-0.0156108233200625,-0.0254487250823738
"667",-0.0218789134830307,0.0176774820640237,0.0037789522265174,0.0139134050831323
"668",0.0386860707560186,0.0433962572836032,0.0501570717388368,0.0525019365390239
"669",0.026786335554424,-0.00360331163946097,0.0145218488438434,0.0192652413334859
"670",0.0115722430540059,0.0296226122693768,0.0352953493211016,0.0652039051029533
"671",0.0117656145434618,0.0379315648688318,-0.0117429505868274,0.0202992417516086
"672",-0.0883080772073174,-0.0514193490278232,-0.0737022853521913,-0.0647392128362125
"673",-0.0573113774078031,-0.0204134273655093,-0.049415119253135,-0.0710369454904683
"674",-0.00384853892654495,-0.0214001475697259,0.0341502061526519,-0.00683991419970452
"675",0.0329537742963532,0.0449074327781645,0.0581774505246057,0.00794257258634131
"676",0.0309090134635475,0.0492987334239843,0.0250210865492333,0.0404905172979071
"677",0.0214138670002098,0.0533117410775975,0.00625974444445115,-0.00193633605154667
"678",0.0158322455813994,0.0682400382445573,0.0299569923185805,0.0343093487395633
"679",-0.00266919919204347,-0.00367315318169848,-0.0551798799682246,-0.0265270903342843
"680",0.00457806159853929,0.0370955425723963,0.0255559425396629,0.0519747044896834
"681",0.0441461303755006,0.0206671049838583,0.018014626517258,0.0368768716671064
"682",0.0452519157173487,0.0446137159000439,0.0219074032277182,0.0386269376715007
"683",0.0058956165068326,-0.0154464940177594,0.0137875840456909,-0.000958992122548368
"684",0.028365097761275,0.0110180653094532,-0.0382504867072195,0.016712154299066
"685",0.0416432554647713,0.0366826144405994,0.0852354818539138,0.0660759860998352
"686",0.0149256263707096,0.00212881640491642,-0.0109599074571958,0.0184474806478045
"687",0.00535981230578794,0.0426926195670411,-0.0230950290023933,0.0604923639879479
"688",0.00640678387287699,0.046484933079846,-0.0136835439228014,-0.00836827287110403
"689",0.0381948918875924,0.0533606317878396,0.011134896779012,0.0228569253847864
"690",0.0133799589794096,0.0346414428845253,0.0163237635462509,-0.00465885274045582
"691",0.00876035053527719,0.0796025989367844,0.0270028181677632,0.0362047578455925
"692",0.0556980642237843,0.052825419373446,0.0695844249562298,0.0625517603001349
"693",-0.0187083500502986,-0.0133376480624069,-6.5111031346296e-05,0.0319348145313048
"694",0.0228320588110582,0.1189387589022,0.0322516691065941,0.0368672288306741
"695",0.0222078132926171,0.0514673422083187,0.0127454176945773,0.0463382429763149
"696",-0.00461898903911501,0.0314673209230271,-0.0086425393994486,-0.0308606354742888
"697",0.0417891636619666,0.0658379505587581,0.077738071015259,0.0620385370872483
"698",0.0618899942329514,0.0546457723546059,0.0329585914822707,0.0775119589992315
"699",0.0331706568455252,0.0635153025172189,-0.00679029528046699,-0.0187272211003842
"700",0.0156746930266507,0.0103658045558562,-0.0412123115179316,0.0228028920159799
"701",0.0344507835376279,0.0228260750612897,0.0850689984253046,-0.0446414257325032
"702",-0.0123259366669959,0.0106635027592534,0.0262304248660937,0.00890279274308887
"703",-0.0425965644354331,-0.00153347712491356,-0.054032152636922,-0.0622678624540338
"704",-0.0128231430614692,0.0187157180876172,-0.0508963350650493,0.0251465624512883
"705",0.028726380950259,0.0527090821291937,0.0359889758342663,0.0098465653122147
"706",0.0248742438329196,0.071629153738403,-0.00579709760044356,0.0505858288779997
"707",-0.00200584961653146,0.0551432270862802,0.0188448651961439,0.0123335213161986
"708",0.0673661062295753,0.0662400386242603,0.0674126634865846,0.0835276043107201
"709",0.0292626460621772,0.0389611258140557,0.00955712291974129,0.0290709935903484
"710",0.00900237126872266,0.0133650055276129,-0.0342559776616829,0.00743877535796332
"711",0.0338233861669236,0.0172416360217249,0.0400602867361266,0.0140124410054366
"712",0.0293060775915631,0.0125730416615317,-0.00870081092251289,0.0459849860559555
"713",0.0391816765691822,0.0140039833232172,-0.0116324924190298,0.00575114473601301
"714",0.0294632349870261,0.0516463112128838,0.0203114718726183,0.0495347340339094
"715",0.0247436390910351,0.0174660444298959,-0.0275008707409769,0.0103848059516598
"716",0.0282800417953073,0.0494810037929626,0.0488242122696779,0.0479218308596359
"717",0.0138075275551096,0.0848576343299759,0.0669446627890867,-0.0107459426839117
"718",0.0332480007407742,0.0757201499732427,0.0542370445980573,0.0790463667787693
"719",0.0567977649307454,0.0729973840400054,0.0590948954349138,0.0713162828559353
"720",-0.0386961732819127,-0.0117316079536181,-0.0393163510766413,-0.0245391079401
"721",0.0626125948940214,0.0933411752856976,0.0562797758882394,0.0833374802641489
"722",0.0328873297536787,0.0347423657072705,0.0272563833239809,0.0239093326380159
"723",0.0428895966892343,0.0278819399620111,-0.0561645730384587,0.029337558003529
"724",0.0501605127222076,0.0451275273356024,0.07534750341193,0.0566912823274817
"725",0.00267391036077592,0.00721801882005426,-0.0467785706267958,-0.00852079778090573
"726",-0.0332181369442749,0.00266578121843737,-0.0697677073998648,-0.0681047359325992
"727",0.0782897757351656,0.0738143603589129,0.0597651563500242,0.0472919811043616
"728",0.00845805986626274,0.0357880798923987,0.0337975035579133,0.0322844507748211
"729",0.0589796683925207,0.0435864183830732,0.00192005532707938,0.0262912138789026
"730",-0.030488104656026,-0.0545951062479525,-0.0456862957221116,-0.0249779128553738
"731",0.0229219988357019,-0.0289850134855675,-0.0663909155781149,-0.0535464006324349
"732",-0.0375970359595037,-0.0188974100862259,-0.0172755663898235,-0.0134553606322906
"733",-0.00936063706023576,0.0240023257957048,0.0415719331851925,0.034873599154544
"734",-0.0134331539460275,-0.0131020379280156,-0.0249148089579223,-0.0253042885557758
"735",0.0350515916835465,0.0116290660170202,-0.040409402996838,-0.00374519860753718
"736",-0.0133380080933524,0.0372240196777254,-0.052017700831534,-0.000289216392387506
"737",0.0404953091120186,0.0740913124079756,0.0315150639045868,0.067245579323712
"738",0.0269867659366726,0.0355184102635117,0.0452539823243395,0.0090984373688597
"739",-0.0536947253602023,0.00107932847186051,-0.0185042940722868,0.00554190660219071
"740",0.0886278856196532,0.0602478661074743,0.0397959415617276,0.0115903061533849
"741",-0.0557146077161382,0.0317393422367069,-0.00292096835778188,-0.023211859450728
"742",-0.000217996453351244,0.0494938068647164,0.0243202205880484,-0.012002796205549
"743",-0.0111355415864456,0.0174572046792695,-0.04007690131522,-0.00355215093528928
"744",0.0528991268383965,0.0794955099824359,0.0605416580502754,0.0292456495030395
"745",0.0138260297559774,0.0178053399339353,-0.0248587603525402,0.0196083358348904
"746",0.0226205545872022,0.0402132047558934,-0.0214524603272056,-0.0216379381782688
"747",-0.00243431583969949,0.0624331853747736,0.031600317323338,0.0289418092277285
"748",-0.0305263257169003,0.00362763141707301,-0.0551959364128499,-0.0129307724797659
"749",-0.023036580348841,0.01374780148769,-0.0126974388799945,0.0270149747145576
"750",-0.0287733699492183,0.100705171349507,-0.0578118542177246,0.00216476012863402
"751",0.0507135255115003,0.0787768538141964,0.00180261521160286,0.0518966138610821
"752",0.0147778216865755,0.00993294578433302,0.00605006337615157,0.00634748955172966
"753",0.0664431259490194,0.0695077198186871,0.00447562675946387,0.0501142785370867
"754",-0.00359098233800609,0.00565450856100622,-0.00779850063357446,0.00571638908489135
"755",0.151922223304836,0.0867823426574842,0.0756681445234959,0.0594336229455475
"756",-0.0705618743564735,-0.0410791761803014,-0.0747534693977706,-0.0323859383014409
"757",-0.0101682055552163,-0.09344820296942,-0.0690937165631841,-0.0765214132168258
"758",0.0304874635098231,-0.0111208271312769,-0.0245967248613594,0.0228975839890068
"759",0.00677952948083417,0.0612790336779769,0.0258608182281563,0.0348261375881326
"760",0.0715916877854635,0.0950283688865509,0.0302301332478844,0.0846965953143275
"761",-0.00914264693585595,0.0117085588289912,-0.0625755666794686,0.000142111156801245
"762",0.0494667759954677,0.0344028063924782,0.094770177534703,0.116914184294446
"763",0.0282091519593167,0.0173367405363486,0.00378710607449851,0.0576939845492541
"764",-0.0162349782655334,0.0585830174475474,-0.021342684377205,-0.00698778928204308
"765",0.0178174869891219,-0.00728573902990905,0.017551291075106,0.0384550243681862
"766",-0.0225459495572509,0.0107777194512021,0.015648774267847,-0.0219957688400165
"767",0.020186736442575,0.0126504208174058,-0.0295468507888036,-0.0129106351188806
"768",-0.0247288671496978,0.0549338424733156,0.00957735835243415,-0.0557666850243684
"769",0.0991573236617875,0.0750106279327646,0.0484066547465412,0.0363637409739534
"770",0.004650680656774,0.00971123062032048,-0.0198753727324709,-0.00450752245447803
"771",0.0231026287896122,0.0443008064975434,0.0800998857825851,0.0368875036204214
"772",0.0038255669899733,0.0320935771560615,-0.0151369078227659,0.00327247482852768
"773",-0.0515029345466711,-0.0253369665727288,-0.0411097175720301,-0.0313378809807982
"774",0.0672659705921248,0.0537283849145424,0.0359598777784434,0.0632727285770934
"775",0.00606147436729407,0.0418109486884184,-0.0192476742285478,0.0272799093670107
"776",0.0134596347463836,0.0474767939900977,0.023583393497404,0.0033375740624921
"777",0.034266155125572,0.00315188726383645,-0.0297975631970981,-0.0225058026915973
"778",0.0649811288328191,0.0527825216143356,0.0390141201757022,0.0609390890712763
"779",0.0633791659350338,-0.0132235788098906,-0.041967357205136,0.0216758125522877
"780",-0.0300293833714376,0.0151319694284747,-0.0516461574737526,0.00324875435191296
"781",0.0201450212894027,0.0646179472923746,0.0330439472981927,0.0222026780949907
"782",0.11001551464776,0.0757241514269733,0.0803330642451361,0.0656326108102002
"783",0.024659303748434,0.0080217011237119,-0.0476957768604909,-0.0200330835399522
"784",-0.0311131894333406,0.078600844584186,0.00492690864138573,-0.0227216382621744
"785",0.00143069753702765,0.036329574291149,-0.027186495893459,0.0432303933955207
"786",-0.019296065579617,-0.0147141913738663,-0.0330278280112072,-0.030426965154862
"787",0.00391561113516612,0.0432462445003804,-0.0244234679331199,-0.0215107404971475
"788",0.022081829572216,-0.0347971904479703,-0.0128030463932211,0.0159919154497679
"789",-0.0344855022027742,0.0174051015938688,-0.0335079520255249,0.00103586752148009
"790",-0.00971238611293958,0.0164145054743855,-0.0310058697015667,-0.0112977950732656
"791",0.0566179082417763,0.0858461270259819,0.0466118940414517,0.0159487192610164
"792",0.0404052059600966,0.0694004436661579,0.0389513853581151,0.0339680240926928
"793",0.0552447006456261,0.0590821253317903,0.00485533718193511,0.0132895085343728
"794",0.0406575316871226,0.039434743185756,-0.00592296177131787,0.0299931904583711
"795",0.0158128147940204,-0.000807779391084496,-0.000650551995769749,-0.0334044609526407
"796",0.0571289539719542,0.0275868227511838,-0.00109963319447482,0.0366847307581261
"797",0.0421338722839286,0.0703591556393124,0.074664104295447,0.0538185511872142
"798",-0.0489776836103242,0.000831240606105359,-0.0645337168691598,-0.0170030211981954
"799",-0.0402914219533798,0.0287386745404642,-0.109646137938508,-0.0194928598724199
"800",0.0210057253763692,0.0263591710229377,0.00254954815328464,-0.0166480973327061
"801",-0.0109080756754861,0.0131014819913247,-0.0448020699074311,-0.015544593096509
"802",0.0102592310964087,-0.0077108392000386,-0.0456426069406387,-0.0579224368466513
"803",0.0470771354511287,0.0295342368936835,-0.0103884020053505,0.0258723245841433
"804",0.00475703431601558,-0.00434314146492971,-0.00588970169952881,-0.000435157194979263
"805",0.0699870683000192,0.00667783611250776,0.00229673606232587,0.0187240061664447
"806",-0.00746422211072999,0.0376728833328892,-0.0174781457834569,0.0113487823098569
"807",0.0238208217993177,0.0954263774504606,0.0629922621208984,0.0524169565760385
"808",-0.0262642361720527,0.0678652789250115,-0.00773123323493562,0.0377269648470822
"809",0.0449407680782868,0.0515369329770152,-0.0188958099928447,0.0223894320540911
"810",-0.00208723047739525,0.0385738710819196,0.0421009243594825,0.0299711044946731
"811",0.0348127591559213,0.0425487472815088,-0.0100304942065869,0.01453460094807
"812",0.0726493394345604,0.0713333640428361,0.0283775715007066,0.0791907212875351
"813",-0.0161879626118258,-0.0196905051049699,0.0208733027799977,0.00263160248115582
"814",0.0353488527249925,0.022191898747418,0.042740002077234,0.00901901449293251
"815",-0.0242502172197964,0.0101859396608098,-0.0243944919515485,0.0261345880363255
"816",0.018956106146133,0.00285484011023879,-0.0135383143887465,0.0188957130950012
"817",-0.00423861947555416,0.047275061572736,-0.0356469983148105,-0.0454792141099932
"818",0.0113409217020619,0.0347486399960814,0.030407288458515,0.0464330767297905
"819",-0.0291979620009793,0.0116961805599224,-0.0494563700544048,-0.0140296914618212
"820",0.0423684671879531,0.0630149820619724,-0.016401899457418,0.041230075287521
"821",0.0154485095497065,0.0847114418792208,0.00522033340490364,0.0342866079859018
"822",0.0483486244840616,0.0133649438827835,0.0167153831501513,-0.00127819175605357
"823",0.0417874697014646,-0.0021057484999153,-0.0054995673935697,0.0234281155128231
"824",0.0571139404823275,0.0102559051588062,0.0270402797413347,0.0190747247094109
"825",-0.0319197702598919,0.0197190504156203,-0.0218784521409006,-0.0454219750311586
"826",-0.00723189288104408,0.0311931703052663,-0.0188906849912843,-0.0396903674938491
"827",0.0280887294263823,0.0479841478915895,0.00246035498249468,0.0966536143998925
"828",0.00534320715893863,0.0453181356519378,0.0298749510472198,0.0372178615958043
"829",-0.00856321791487702,0.0570566611350265,-0.0039752859128158,0.0158916411076031
"830",0.0020607014928007,0.0623810757624696,-0.00415481762821285,0.0213044034948041
"831",0.0273233556610504,0.0161158523917632,0.00833439163438741,0.0252228422520834
"832",0.0594451150594699,-0.0070570317472898,0.0640184702206545,0.0813283762295687
"833",0.0629116623510333,0.0700359854930675,0.0560324134327413,0.0790008740668405
"834",0.0292696876049013,0.0478566041048516,0.0203074695888001,0.0204358261679579
"835",-0.0325359395189299,-0.00502940033869851,-0.0400384830806755,-0.0188522874235976
"836",0.00126705831112251,0.0228006661840087,-0.00278104678572895,0.025955031846773
"837",0.0127432524133488,0.0787261366986105,0.062521916634613,0.0572791161607477
"838",-0.035111792154977,0.0293415469277041,-0.0264141934259719,-0.00423181711287007
"839",0.0153061509254548,0.0452265138906773,0.0197484382721137,0.00561894951638742
"840",-0.015183700603634,0.00392471922942955,-0.00377435377294678,-0.00430490054152451
"841",0.043844862770908,0.0261680593617852,0.0160398428112032,0.0260770080748391
"842",0.0225857793872807,0.0307063321692477,0.0322488767710987,0.0408244337477834
"843",0.0548001575762613,0.0499646501133579,0.0404484103059162,0.0247094507964026
"844",0.0580261659346041,0.0258639314390422,0.0185155456227875,0.0493308674810905
"845",-0.0497617090831664,0.0303487698330711,-0.0412026016817045,0.0246733131332019
"846",-0.0118218853640751,0.0610003422537816,0.0673393904583815,0.0321193996239614
"847",0.0437776772939475,0.0457051073713302,-0.016616533888443,0.0457731503031308
"848",-0.000946362846972536,0.0503067301761319,0.00833456796261823,-0.0213888476361995
"849",0.00524138278329772,0.0275137412596767,0.0265418482632903,0.0229320046493417
"850",-0.0144081056946426,0.0152905594300921,0.000352711618404375,-0.00311645084967313
"851",0.0155098764907001,0.00411058185326973,-0.0143375462339158,0.0184847783791571
"852",-0.00148280721288434,0.0359600562709711,-0.0487350663241733,0.00453910485092501
"853",-0.0107007314955797,0.00333935620337407,-0.00677412404459925,-0.0104803957347396
"854",0.0520318635712465,0.035936416531916,0.0249491594891736,0.0171771497412694
"855",-0.00520150607871665,0.045273306285404,0.00738186058107043,0.0342961383115413
"856",-0.012826205170851,0.0191586291508389,-0.00285458512013297,0.010305188807785
"857",0.0182899674672457,0.0508174810573535,0.0203940270219078,0.0269508519196591
"858",-0.080199216240428,0.0340224341244899,-0.0102543325417825,-0.0128869369237949
"859",0.00556403541118733,0.052131347935862,0.0213317188392904,0.0313787597441
"860",0.0150606735174586,-0.029549344929785,-0.0109279997023742,-0.0132423638513978
"861",0.0330837095710665,-0.0127083092541125,0.00730031611416506,-0.0100657154763492
"862",-0.000538881964574428,0.0314382861765957,-0.00414476175666061,-0.0102631931763876
"863",0.020941408718032,0.0591804918798919,-0.00571570573376166,0.0288811230130464
"864",-0.0197453673265832,0.00558778585400589,-0.00379842180580157,-0.0478327097129674
"865",0.0333780094755982,0.0194297331524253,-0.0554542685304025,-0.0501075665528013
"866",0.0122391044373179,-0.0200549028479385,-0.0352995939510682,-0.0113510143540672
"867",-0.0668424874599459,-0.0571721241988934,-0.0867224224074833,-0.0643134265796019
"868",-0.0196856100231143,0.047643070207946,-0.0201051704696174,-0.0171784964570543
"869",0.0108509063675794,0.0415961795406587,0.00083502505307796,0.0143344987075432
"870",0.0486052139266191,0.0594927118651243,-0.00116749223284417,-0.00348192007054014
"871",-0.00859341416467858,0.0162718937267128,-0.060049922953382,-0.0112171396340356
"872",-0.0529591637597352,-0.0148262328529478,-0.0404594819115388,0.000372305202283306
"873",-0.0427793261101627,-0.0348702144038733,-0.0522726922028796,-0.0267025575789626
"874",-0.00181657700585023,-0.0155588712422469,-0.0227505409093018,-0.013946539547647
"875",-0.0177780659707518,-0.0019145604162129,-0.0272179180062799,-0.00869697921424337
"876",0.0371265202763138,0.0541945864123474,0.0265365918467725,0.0443602587335188
"877",0.00467109215890241,0.0133310342109123,0.0179718222912317,0.0235315233161774
"878",0.0498244516163592,0.034731308926963,0.0288081312457599,0.0324949266169747
"879",0.0605292168548011,0.0811340072780223,0.0272720784866373,-0.0135827178162976
"880",0.0393149499891654,0.0530543208540167,0.0390231002032992,0.00476420419486666
"881",0.0416784304279918,0.0430384956824217,0.00938993829511245,0.0324674681328435
"882",0.0542247674088748,0.0611147904949588,-0.00704151841132106,0.0245551184841573
"883",0.00868300121934607,0.0370900278965748,-0.0429973783599115,0.0100839176673338
"884",0.0594077731112097,0.0601016088789927,0.0420894670272473,0.0545781527014058
"885",0.0221050661834645,-0.0115246027986661,-0.0535447322131725,0.0155158602987265
"886",0.0442709845796575,0.0552436156687293,0.047073027216096,0.0455253015569891
"887",-0.00439320335277975,0.0700524117704946,0.0265961853375796,0.00937777000583349
"888",0.024901739141,0.0865385766532616,0.0623216945829819,0.0442311623189939
"889",0.025168773660039,0.0445744294262529,0.0188025021039075,0.048824096271543
"890",0.0480034051728632,0.0680940275609832,0.028449787630651,0.0553935933530671
"891",0.0117071101629795,0.0253696777699488,-0.0222317737408046,0.0236660696551738
"892",0.0383028786968449,0.0617280695799561,0.030693046778526,0.0388169601418693
"893",-0.0503638866330863,0.0300276829454195,-0.0376242707310784,-0.035856959308677
"894",0.0523411418860148,0.0671536913210845,0.0170974501928774,-0.00475626049847465
"895",0.0155344390432454,-0.0201712188035141,0.0403370725815685,0.0158214060586795
"896",0.0747578201484027,0.0673899904388787,0.0712439048337083,0.025643045464502
"897",-0.00796544796021914,0.0673041898279463,0.0495756033399532,0.0212496808344883
"898",0.0612046939833652,0.0594222057421819,0.0485931703943903,0.0698605462354999
"899",0.00700718361643725,-0.00991347030726656,-0.0227264249368502,-0.00203590958325862
"900",-0.00843889751920515,0.0320199425954876,-0.0243580882940449,0.013472597319842
"901",0.0536149419006285,0.0468633702525803,0.0242369358488983,0.0382543809608428
"902",0.0560618150428855,0.0530532412535208,0.02168858344734,0.0251960055597815
"903",-0.0062073651228658,0.0605119970793241,-0.0338183043004878,-0.0100341494736762
"904",-0.00234086686182719,0.0309124775389701,0.0285521786671909,-0.00919798195019948
"905",0.0144039035991258,0.0390426483559588,-0.0102517439669393,0.0471074146333709
"906",-0.00226266772077824,0.00934628370635103,0.0178241267092589,0.0285280757015037
"907",0.0172806075194693,0.00706547105775255,-0.00242725447387792,0.0394188753750779
"908",0.00322725509379235,0.00673307476123429,-0.0193664565847321,0.0269903369476605
"909",-0.0276785367442492,0.0224965544475854,-0.0458060937950965,-0.0169535448189907
"910",0.0494796792593335,0.0559670792210859,0.0121640005523811,0.0359810619278655
"911",0.0694052417096744,0.0704334086224168,0.0218827737524755,0.0449903453436787
"912",0.0311528638721092,0.0975513542640578,0.0298844009952724,0.0571995151216014
"913",0.0275561430233473,0.0456909445987269,0.0177151588145875,0.00957162272728899
"914",-0.0141038059747174,0.0207776608018397,-0.0473028659372809,-0.0102029565930103
"915",0.0134961170145249,0.0414401638539503,-0.0048170302939979,-0.00766918062038545
"916",-0.0227569211455097,0.0429691202738479,-0.0354791218550055,-0.0145345913773215
"917",0.0813966002811926,0.0637896582735384,0.038834802019337,0.0605774538383859
"918",-0.0106097188494504,-0.0307405194682989,-0.0496380529857143,-0.0290923523330683
"919",0.0543596320423461,0.0360993884041201,0.0477105155871301,0.0282700396748825
"920",0.00782474230790212,0.021264627101978,0.0121066325405505,0.0458548333911914
"921",0.030667833610662,0.0281188275729182,0.00042564248585817,0.0412637410973908
"922",0.0483790655194447,0.0292711202942275,0.0682416098661819,0.00932169942594685
"923",0.0797005811706171,0.043382596644342,0.00300169923343702,0.00979535983034727
"924",-0.048528786871458,-0.00346734134515763,-0.0472046006427062,-0.0178626901413432
"925",0.0265029468117608,0.0210643776099444,0.023602192860829,0.0262040449179569
"926",-0.02711080536357,0.0217385732171449,0.0204056164343472,0.0171784011527411
"927",0.0273486527793748,-0.00364917502652586,0.013734892310566,0.0147350276911694
"928",0.0228927578009588,0.0480175096389609,-0.0111427760215626,-0.00179541311264293
"929",0.00729309230898368,0.0360607840209892,0.0472753114099962,0.0185342560429186
"930",0.0260983365771913,0.037732788364957,0.024338522630098,0.0327303495816567
"931",-0.0668668383145181,0.0743046665856981,-0.0442215716518036,0.00338266966964791
"932",0.00728365232252698,0.00493806003811999,0.0682248265618682,-0.00506291869247963
"933",0.04087263320483,0.0389604496727104,0.0325205227903524,0.0811430909512583
"934",-0.00508236486681374,-0.00128383450579485,-0.0217832523317599,0.0103159295009449
"935",0.00399366601519157,0.0134168277952542,-0.0044956552859193,0.0530068908710527
"936",0.0234474180562514,0.0523622189522596,0.0438321995787778,0.0374650405109733
"937",0.0132685643497266,0.0450926733887861,-0.00408206890600091,0.0177161423474294
"938",-0.00519590576020274,-0.018004998929991,-0.0163421711166438,-0.0197142051487238
"939",0.0179752045584983,0.0110841779295239,0.000561132224196845,0.0271516229379695
"940",0.021267279729724,0.0299050276329378,-0.00506838907747579,0.0138041159343612
"941",0.00441414798766169,0.00830215573682673,-0.0212690164279816,0.000665590089415813
"942",0.0332977390375041,0.0208408031153134,-0.0112320130362294,-0.00462683458266714
"943",0.0729770368347825,0.0465923073721475,0.023093448497814,0.0857383087479568
"944",-0.00126218594948027,-0.0220398073727966,0.00252546111113146,-0.0072500223829127
"945",0.000810269958532397,0.0688282744930205,-0.0168715525217161,0.0156679709326776
"946",0.0666516579834423,0.0508598582503228,0.0370322845694585,0.0361733332395021
"947",0.0368092950772656,0.0141073738947265,0.00963569250165574,-0.001714713887319
"948",-0.0108017374020357,0.0503802625196842,0.00666282624785372,0.0362432912842175
"949",0.00814884253425524,0.0480302461386993,-0.00939711069112141,-0.00290107147536484
"950",0.00488244201669739,0.0130123655299034,0.0477801408208188,-0.0260395428958559
"951",-0.00471693567294146,0.0325428741511618,-0.0115208712850391,0.00565021794334947
"952",0.0249359416197396,0.0243940583879405,-0.0409682442487374,-0.00913131153912891
"953",0.0312099273999407,0.0271207540853184,-0.0163058806200058,-0.0362818692030095
"954",0.0516637151168421,0.0313491709017928,-0.00370110370387645,-0.0209724022439469
"955",0.0532949766872209,0.0569889037036857,0.0171291516747619,0.041584734566106
"956",-0.00316460024703456,-0.0647433784228117,-0.00792017316466994,-0.0235901038093307
"957",0.0267874718062479,0.0732420050463683,0.0888756419192746,0.0637951048704149
"958",0.0485305267983783,0.0639770490918864,-0.00896371883535358,0.0709758428731021
"959",0.0568441124131618,0.0710057149916707,0.0594148355215066,0.0294208249744208
"960",-0.00845795808823024,-0.0131427035551163,-0.0219401050411674,0.0313912518049348
"961",0.0312221345355655,0.0197888008885694,-0.00204604359275837,0.0506048593177358
"962",0.0316506954970727,0.0787892987232364,0.0208719270787499,0.0153778831183163
"963",0.0331173184920291,0.0132169997381867,0.00127052591619662,0.0210299840887329
"964",0.049552086557248,0.00140057672359992,0.00479745287112327,0.0211114810980414
"965",0.0145603251964783,0.0516359521670978,-0.0241401708622204,0.03773935915794
"966",0.0144681542480525,0.0749610362021362,0.0887343980906464,0.0685956950683276
"967",0.0363057046403196,0.0114731661896095,-0.00116436933135287,-0.0182658521447102
"968",0.0157577903172361,0.108563399717096,0.0389801098294119,0.082613451608545
"969",-0.0250636799999658,0.0391005125287059,0.0485820645182686,0.0433644488336079
"970",0.0561772731795886,0.0779955920967797,0.0523471696883171,0.0507525691473935
"971",-0.0118599514456779,0.0635611059819863,0.00379695683495434,-0.0133930695552307
"972",0.00158164049920714,0.0166362323696962,-0.0292178483642678,-0.01386467381468
"973",0.0713243312644232,0.0776197174012183,0.0656277864411009,0.0566818597632359
"974",-0.00511605953701507,-0.0093901269357278,-0.0263343153095831,0.0285309359426593
"975",0.0541311301989021,0.0340638799445331,0.0213235083444519,0.0224690872490112
"976",0.0795771176403074,0.0515646276402347,0.0157253653840573,0.0479669082211447
"977",0.0238555301630894,0.0481326635102687,0.0168259733234264,0.0150713477254767
"978",0.0408504619469852,0.0245428522009693,0.0261850561909023,0.0105421745147849
"979",0.017978331630631,0.00999779967406254,-0.0214711800282824,0.0302574002621722
"980",0.0604169842794711,0.0852807945237823,-0.0219121039721744,0.0384914252388879
"981",0.00741161353740462,0.0152306755294086,-0.0155858677783998,-0.0175992031171958
"982",0.0388619304740445,0.0517699845108385,0.0014204526784673,0.0435449536825773
"983",0.0415368850567313,0.0865474310730627,0.0411634777531998,0.0420239696343637
"984",0.0221147965097311,-0.00894621806708252,0.00229029045639585,-0.0217088711481127
"985",-0.00329251062766902,0.0480639717938826,0.0278624574637041,-0.0200985866243241
"986",-0.00484586173050881,0.024669559049147,-0.0211260919114942,-0.0151393104177644
"987",0.00219390976321523,0.0239655570530481,-0.0424980234123772,0.015318414343999
"988",0.0354205580518345,0.0448093813741351,-0.0293979848035997,-0.00857308220084765
"989",-0.0158150589638537,-0.00581417505018699,-0.0352214402505678,-0.0316066228235218
"990",0.0761854039587223,0.0983532382189152,0.0889769924145968,0.0518473171096996
"991",-0.00497055017533273,-0.00636892601894743,-0.0201465395581096,-0.0341126497882752
"992",0.0147645031805382,0.0231081950171997,0.0129459007292605,0.00214726326249106
"993",0.00796406625479414,0.0675952639050652,0.0124401318317378,0.0153811502399969
"994",0.0268612501461459,0.0426050959913641,0.0249829691187794,-0.0125450310099617
"995",0.0576972700545092,0.0937810552504741,0.0616501474677472,0.0693406856808182
"996",-0.0147947914121685,0.0058469146544805,0.00472138187797735,0.0218299281620177
"997",0.0328180850005262,0.0235453275066493,0.00188264428830985,0.0269730644240113
"998",0.0780393209387098,0.0734601064599781,0.0405294547826033,0.0424341852968956
"999",-0.0107556481766573,0.0478154984698968,-0.0277576251679756,-0.0174133469127075
"1000",-0.016312159303012,0.0329590096252119,-0.0248657400346426,-0.0131056218697178
