"","time.adnet","time.adlas","time.bort","time.bory"
"1",39.61,0.530000000000001,133.97,337.51
"2",37.75,1.31000000000006,144.98,345.47
"3",41.75,1.81999999999994,155.45,353.87
"4",46.24,0.579999999999927,141.5,333.83
"5",43.04,0.570000000000164,136.72,358.33
"6",42.7199999999998,0.670000000000073,147.65,326.31
"7",39.5900000000001,1.75999999999976,146.67,318.14
"8",43.0999999999999,0.559999999999945,149.14,354.18
"9",49.3900000000003,0.609999999999673,164.700000000001,301.360000000001
"10",44.29,0.509999999999309,151.780000000001,327.07
"11",37.9499999999998,0.529999999999745,137.03,327.28
"12",40.5299999999997,0.640000000000327,129.67,314.13
"13",43.4200000000001,0.550000000000182,136.69,277.96
"14",37.9499999999998,0.580000000000837,147.69,364.47
"15",46.1700000000001,0.549999999999272,158.17,357.58
"16",41.3100000000004,0.5,140.670000000001,304.470000000001
"17",38.3700000000008,0.5,141.059999999999,342.4
"18",48.8199999999997,1.64000000000124,144.75,343.99
"19",42.2700000000004,0.5,153.42,308.940000000001
"20",39.5400000000009,1.72999999999956,144.25,368.25
"21",68.4200000000001,0.760000000000218,184.019999999999,470.710000000001
"22",113.789999999999,1.61000000000058,186.230000000001,461.91
"23",112.9,4.54999999999927,124.02,407.619999999999
"24",40.2799999999988,0.5,133.17,327.530000000001
"25",40.3799999999992,0.5,156.99,343.780000000001
"26",41.2700000000004,1.07999999999993,152.09,374.059999999999
"27",42.6099999999988,0.590000000000146,150.629999999999,354.33
"28",41.5199999999986,0.519999999998618,140.41,320.280000000001
"29",39.9099999999999,0.559999999999491,135.789999999999,316.779999999999
"30",44.4099999999999,0.569999999999709,142.549999999999,327.389999999999
"31",42.0600000000013,0.549999999999272,137.09,304.670000000002
"32",35.2300000000032,0.959999999999127,131.59,336.059999999998
"33",39.8600000000006,0.5,130.130000000001,292.530000000002
"34",39.0299999999988,0.549999999999272,136.220000000001,305.369999999999
"35",41.9200000000019,0.489999999997963,138.75,331.27
"36",39.380000000001,0.629999999997381,137.02,305.470000000001
"37",42.1599999999999,0.540000000000873,141.759999999998,320.860000000001
"38",45.2700000000004,1.82999999999811,137.169999999998,323.220000000001
"39",37.4500000000007,0.540000000000873,58.6500000000015,305.5
"40",41.8899999999994,0.579999999998108,132.470000000001,310.419999999998
"41",40,1.56000000000131,130.780000000002,297.080000000002
"42",41.5499999999993,0.479999999999563,154.18,335.93
"43",38.7599999999984,1.09000000000015,144.670000000002,352.380000000001
"44",35.7700000000004,0.509999999998399,132.27,298.59
"45",40.5,0.720000000001164,128.57,311.100000000002
"46",42.2300000000032,1.77999999999884,135.389999999999,286.369999999999
"47",42.3799999999974,0.56000000000131,162.560000000001,340.02
"48",41.2700000000004,0.540000000000873,141.16,359.639999999999
"49",40.3199999999997,0.56000000000131,146.66,327.220000000001
"50",41.4500000000007,0.559999999997672,143.140000000003,306.489999999998
"51",39.9799999999996,0.510000000002037,152.32,364.25
"52",35.0299999999988,0.549999999999272,148.709999999999,342.049999999999
"53",36.4900000000016,1.21999999999753,137.190000000002,347.91
"54",42.6399999999994,1.58000000000175,141.98,315.870000000003
"55",37.8600000000006,0.479999999999563,142.889999999999,345.920000000002
"56",36.7999999999993,0.479999999999563,136.77,332.66
"57",36.9099999999999,0.490000000001601,142.18,337.82
"58",36.5,0.529999999998836,133.84,336.360000000001
"59",39.6299999999974,0.489999999997963,140.299999999999,336.900000000001
"60",40.8899999999994,0.819999999999709,66.9300000000003,332.43
"61",38.5400000000009,0.5,143.549999999999,336.91
"62",39.0600000000013,0.520000000000437,140.689999999999,332.360000000001
"63",41.2700000000041,1.75,147.529999999999,326.32
"64",37,0.519999999996799,124.360000000001,336.860000000001
"65",35.9700000000012,0.519999999996799,133.309999999998,354.800000000003
"66",41.6999999999971,0.489999999997963,150.870000000003,359.620000000003
"67",36.2099999999991,0.489999999997963,140.529999999999,326.510000000002
"68",35.9099999999962,1.56999999999971,148.700000000004,305.540000000001
"69",38.4400000000023,0.529999999998836,142.199999999997,343.589999999997
"70",35.0600000000049,0.529999999998836,138.059999999998,348.360000000001
"71",38.0600000000049,0.540000000000873,98.9300000000003,333.709999999999
"72",33.3199999999997,2.2699999999968,121.389999999999,350.150000000001
"73",37.2200000000012,0.529999999998836,135.970000000001,341.810000000005
"74",35.010000000002,0.510000000002037,140.830000000002,328.5
"75",40.5,0.569999999999709,135.980000000003,353.25
"76",35.1399999999994,0.5,139.059999999998,342.150000000001
"77",33.6299999999974,0.519999999996799,137.909999999996,335.760000000002
"78",37.25,0.489999999997963,141.410000000003,298.120000000003
"79",40.7699999999968,0.5,141.529999999999,349.860000000001
"80",38.7999999999956,1.19000000000233,137.159999999996,337.510000000002
"81",40.5600000000049,1.7699999999968,138.82,335.5
"82",38.1500000000015,1.55999999999767,132.139999999999,334.310000000005
"83",38.4799999999959,0.519999999996799,138.75,310.400000000001
"84",42.1100000000006,0.5,139.909999999996,319.420000000006
"85",44.2900000000009,0.5,140.510000000002,315.389999999999
"86",36.4699999999939,1.63999999999942,86.3799999999974,319.860000000001
"87",36.510000000002,1.7699999999968,146.890000000007,325.310000000005
"88",38.6699999999983,0.519999999996799,146.919999999998,330.699999999997
"89",33.9300000000003,1.61000000000058,144.290000000001,320.959999999999
"90",36.9000000000015,1.69000000000233,137.169999999998,317.370000000003
"91",40.5400000000009,0.510000000002037,149.389999999999,310.700000000004
"92",33.7900000000009,0.480000000003201,135.82,315.170000000006
"93",38.1500000000015,0.489999999997963,152.25,321.18
"94",36.989999999998,0.5,154.969999999994,338.650000000001
"95",41.2200000000012,0.549999999995634,146.699999999997,321.889999999999
"96",38.25,0.480000000003201,134.709999999999,261.5
"97",35.7900000000009,0.480000000003201,133.970000000001,317.709999999999
"98",37.7800000000061,0.680000000000291,133.739999999998,324.359999999993
"99",39.239999999998,0.489999999997963,147.190000000002,322.580000000002
"100",33.4000000000015,0.610000000000582,148.109999999993,289.360000000001
"101",43.5899999999965,0.470000000001164,141.019999999997,341.610000000001
"102",41.0699999999997,0.559999999997672,142.029999999999,297.580000000002
"103",38.2799999999988,1.80999999999767,127.860000000001,318.159999999996
"104",36.4199999999983,0.5,133.860000000001,323.900000000001
"105",46.3700000000026,0.540000000000873,137.830000000002,346.360000000001
"106",40.3399999999965,0.519999999996799,142.940000000002,324.75
"107",41.1899999999951,0.5,148.590000000004,424.169999999998
"108",121.330000000002,1.55999999999767,209.510000000002,457.970000000001
"109",97.2300000000032,1.13999999999942,100.729999999996,488.230000000003
"110",95.0199999999968,1.54000000000087,171.950000000004,315.760000000002
"111",47.4400000000023,1.59999999999854,142.769999999997,324.239999999998
"112",36.6900000000023,0.5,140.720000000001,293.019999999997
"113",41.0499999999956,0.5,138.079999999994,298.280000000006
"114",42.489999999998,0.639999999999418,131.309999999998,296.830000000002
"115",42.2900000000009,1.5,130.419999999998,315.580000000002
"116",38.8299999999945,0.5,136.610000000001,336.610000000001
"117",34.3700000000026,0.660000000003492,130.629999999997,299.199999999997
"118",38.0999999999913,0.529999999998836,135.580000000002,315.139999999999
"119",35.6599999999889,0.5,126.729999999996,341.350000000006
"120",42.8600000000006,1.69000000000233,129.059999999998,301.919999999998
"121",38.8899999999994,0.520000000004075,137.169999999998,316.440000000002
"122",35.4600000000064,0.479999999995925,132.309999999998,287.5
"123",34.929999999993,0.5,129.059999999998,290.149999999994
"124",36.8899999999994,0.5,128.440000000002,330.119999999995
"125",42.8399999999965,1.61000000000058,132.420000000013,305.62000000001
"126",37.6800000000076,0.479999999995925,116.919999999998,327.279999999999
"127",38.75,0.5,131.25,334.459999999992
"128",35.4799999999959,0.5,122.12999999999,309.139999999999
"129",32.679999999993,1.69000000000233,133.080000000002,304.889999999999
"130",42.1000000000058,1.09999999999127,135.580000000002,302.610000000001
"131",37.0699999999924,0.849999999991269,133.75,325.320000000007
"132",37.179999999993,1.02999999999884,133.190000000002,315.360000000001
"133",39.4199999999983,0.479999999995925,127.889999999999,309.289999999994
"134",37.0599999999977,0.519999999989523,132.919999999998,321.490000000005
"135",36.3600000000006,0.509999999994761,127.550000000003,291.029999999999
"136",34.820000000007,0.5,144.900000000009,306.449999999997
"137",36.2799999999988,1.63999999999942,136.729999999996,305.729999999996
"138",36.6499999999942,0.55000000000291,86.8000000000029,324.800000000003
"139",38.4400000000023,0.489999999990687,137.029999999999,301.110000000001
"140",42.7300000000105,1.69000000000233,133.25,327.889999999999
"141",38.8300000000017,0.5,131.089999999997,310.580000000002
"142",40.6600000000035,0.5,110.369999999995,324.279999999999
"143",39.8999999999942,0.509999999994761,140.039999999994,313.100000000006
"144",38.8800000000047,0.460000000006403,133.139999999999,309.630000000005
"145",35.3899999999994,0.480000000010477,140.529999999999,315.680000000008
"146",35.0899999999965,1.72999999999593,132.720000000001,314.25
"147",36.2299999999959,0.479999999995925,138.410000000003,297.029999999999
"148",36.5500000000029,0.520000000004075,127.119999999995,325.25
"149",37.070000000007,0.5,131.309999999998,302.069999999992
"150",39.679999999993,0.94999999999709,120.409999999989,315.389999999999
"151",34.9600000000064,0.5,132.820000000007,309.970000000001
"152",42.1699999999983,0.489999999990687,135.190000000002,321.689999999988
"153",36.5200000000041,0.5,145.410000000003,295.049999999988
"154",39.8099999999977,0.479999999995925,137.110000000001,307.409999999989
"155",39.4199999999983,1.69000000000233,131.520000000004,324.330000000002
"156",36.7200000000012,0.530000000013388,139.25,288.889999999999
"157",34.6900000000023,0.5,115.190000000002,301.300000000003
"158",37.2199999999866,0.520000000004075,124.720000000001,295.559999999998
"159",38.9700000000012,0.470000000001164,136.919999999998,316.520000000004
"160",39.3899999999994,1.75999999999476,140.610000000001,286.390000000014
"161",41.1699999999983,0.720000000001164,140.740000000005,293.580000000002
"162",39.0900000000111,0.5,134.289999999994,309.759999999995
"163",40.5,0.480000000010477,134.419999999998,316.470000000001
"164",35.5,0.560000000012224,139.559999999998,316.830000000002
"165",43.7100000000064,0.549999999988358,136.549999999988,312.550000000003
"166",40.1699999999983,0.519999999989523,94.5200000000041,304.389999999999
"167",42.0099999999948,0.5,130.779999999999,297.5
"168",36.820000000007,0.529999999998836,125.389999999999,311.440000000002
"169",39.5599999999977,0.479999999995925,134.699999999997,335.490000000005
"170",32.390000000014,0.520000000004075,123.050000000003,326.75
"171",43.4800000000105,0.529999999998836,133.559999999998,307.239999999991
"172",36.1100000000006,0.509999999994761,72.8899999999994,365.179999999993
"173",44.3499999999913,0.619999999995343,146.589999999997,317.410000000003
"174",36.3899999999994,1.61000000000058,124.779999999999,312.270000000004
"175",48.9400000000023,0.779999999998836,152.559999999998,332
"176",36.9300000000076,0.5,136.310000000012,378.940000000002
"177",42,2,141.389999999999,371.029999999999
"178",43.3500000000058,0.529999999998836,74.4900000000052,332.779999999999
"179",42.9799999999959,0.549999999988358,142.470000000001,363.589999999997
"180",39.5200000000041,1.90999999998894,142,325.75
"181",46.2700000000041,0.530000000013388,135.5,343.889999999999
"182",41.0800000000017,0.519999999989523,158.869999999995,368.5
"183",42.7599999999948,0.779999999998836,157.12000000001,348.900000000009
"184",47.3500000000058,0.559999999997672,148.630000000005,347
"185",37.0500000000029,0.55000000000291,133.440000000002,345.210000000006
"186",45.9199999999983,1.85000000000582,138.37000000001,358.559999999998
"187",44.2599999999948,0.529999999998836,133.439999999988,331.350000000006
"188",45.3099999999977,0.529999999998836,133.23000000001,365.580000000002
"189",37.1699999999983,0.55000000000291,148.030000000013,351.910000000003
"190",42.1900000000023,0.569999999992433,152.420000000013,330.610000000001
"191",40.7299999999959,0.509999999994761,135.080000000002,313.169999999998
"192",41.8300000000017,0.509999999994761,131.429999999993,305.940000000002
"193",36,2.27000000000407,138,324.409999999989
"194",36.6000000000058,0.529999999998836,135.899999999994,316.529999999999
"195",38.3600000000006,0.520000000004075,35.2100000000064,336.030000000013
"196",38.570000000007,0.5,130.169999999998,338.779999999999
"197",36.3700000000099,0.539999999993597,125.119999999995,316.240000000005
"198",39.4700000000012,0.559999999997672,146.810000000012,328.529999999999
"199",34.9700000000012,0.489999999990687,121.979999999996,302.270000000004
"200",40.6499999999942,0.55000000000291,129.149999999994,321.989999999991
"201",32.9500000000116,0.55000000000291,126.559999999998,316.910000000003
"202",39.4499999999971,1.58000000000175,126.979999999996,358.059999999998
"203",36.9600000000064,1.61000000000058,144.550000000003,344.169999999998
"204",50.2299999999959,0.569999999992433,142.5,344.190000000002
"205",45.9699999999866,0.539999999993597,152.729999999996,348.720000000001
"206",40.3500000000058,0.55000000000291,148.25,335.009999999995
"207",36.5399999999936,0.540000000008149,154.770000000004,325.479999999996
"208",44.0299999999988,0.530000000013388,52.5199999999895,332.029999999999
"209",36.9400000000023,0.549999999988358,128.75,308.5
"210",44.75,0.569999999992433,135.380000000005,355.699999999997
"211",39.8099999999977,0.589999999996508,150.779999999999,334.689999999988
"212",44.4700000000012,1.72000000000116,137.630000000005,317.049999999988
"213",43,0.589999999996508,145.949999999997,350.089999999997
"214",36.7299999999959,0.639999999999418,130.630000000005,317.630000000005
"215",40.9400000000023,1.80999999999767,133.5,291.169999999998
"216",36.6900000000023,0.660000000003492,143.420000000013,294.229999999996
"217",39.3600000000006,0.490000000005239,129.580000000002,311.770000000004
"218",36.1000000000058,1.67000000001281,130.25,329.089999999997
"219",35.5399999999936,0.5,131.810000000012,312.949999999997
"220",32.6699999999983,0.5,126.289999999994,325.330000000002
"221",38.6900000000023,1.13999999999942,135.880000000005,321.110000000001
"222",35.4300000000076,1.61000000000058,124.729999999996,323.279999999999
"223",39.4100000000035,0.510000000009313,115,242.970000000001
"224",35.2799999999988,0.490000000005239,133.360000000001,334.410000000003
"225",39.1699999999983,0.489999999990687,136.479999999996,286.020000000004
"226",39.5300000000134,0.520000000004075,114.700000000012,305.110000000001
"227",44.5,0.660000000003492,140.080000000002,327.969999999987
"228",36.3500000000058,0.509999999994761,128.899999999994,305.380000000005
"229",37.0099999999948,0.470000000001164,135.270000000004,317.37000000001
"230",37.0600000000122,0.519999999989523,121.059999999998,305.520000000004
"231",39.3500000000058,0.509999999994761,131.720000000001,330.679999999993
"232",34.9499999999971,0.5,132.889999999999,330.630000000005
"233",37.9600000000064,1.69999999999709,141.310000000012,324.260000000009
"234",34.9400000000023,0.5,127.790000000008,301.639999999999
"235",37.9199999999983,1.80000000000291,119.75,313.779999999999
"236",41.1100000000006,0.510000000009313,131.169999999998,311.380000000005
"237",36.3800000000047,0.5,133.25,303.809999999998
"238",38.3700000000099,0.5,136,326.860000000001
"239",35.8299999999872,0.669999999998254,128.469999999987,316.169999999998
"240",42.2400000000052,1.58000000000175,135.469999999987,297.030000000013
"241",38.7799999999988,1.60000000000582,130.569999999992,330.059999999998
"242",38.6499999999942,0.490000000005239,141.550000000003,314
"243",35.6999999999971,0.5,132.069999999992,305.309999999998
"244",36.5200000000041,0.519999999989523,136.960000000006,303.089999999997
"245",37.1700000000128,1.46999999998661,131.210000000006,316.460000000006
"246",40.8099999999977,0.490000000005239,136.259999999995,308.130000000005
"247",34.7200000000012,0.5,139.389999999999,298.070000000007
"248",40.2200000000012,0.529999999998836,131.949999999997,309.490000000005
"249",38.0599999999977,1.08999999999651,137.309999999998,316.360000000001
"250",37.0500000000029,0.5,137.029999999999,280.880000000005
"251",38.8199999999779,1.33999999999651,129.899999999994,308
"252",38.4700000000012,1.25,122.809999999998,306.830000000016
"253",39.8099999999977,0.489999999990687,129.190000000002,316.659999999974
"254",32.7400000000198,0.5,133.849999999977,298.5
"255",39.390000000014,0.53000000002794,143.74000000002,336.49000000002
"256",38.2000000000116,0.5,134.190000000002,303
"257",36.070000000007,1.75,129.959999999992,306.75
"258",42.0800000000163,0.5,135.49000000002,299.820000000007
"259",37.7999999999884,1.56000000002678,109.899999999994,319.23000000001
"260",38.0500000000175,0.570000000006985,141.809999999998,299.5
"261",36.4700000000012,0.579999999987194,129.330000000016,308.909999999974
"262",36.210000000021,0.489999999990687,93.4799999999814,294.75
"263",35.7200000000012,0.520000000018626,120.75,317.75999999998
"264",37.4800000000105,0.550000000017462,144.799999999988,300.580000000016
"265",38.820000000007,1.60999999998603,129.73000000001,316.079999999987
"266",40.0800000000163,0.470000000001164,138.450000000012,314.760000000009
"267",44.25,0.5,133.25,311.469999999972
"268",38.140000000014,1.61000000001513,122.73000000001,316.890000000014
"269",38.9400000000023,1.58999999999651,135.419999999984,317.180000000022
"270",38.1600000000035,0.529999999998836,140.049999999988,309.809999999998
"271",39.7200000000012,0.53000000002794,128.979999999981,302.770000000019
"272",39.5199999999895,0.550000000017462,125.399999999994,315.369999999995
"273",41.9400000000023,0.5,126.700000000012,301.449999999983
"274",35.1999999999825,1.51999999998952,126.470000000001,314.669999999984
"275",36.4699999999721,0.529999999998836,145.039999999979,340.190000000002
"276",35.75,0.479999999981374,136.920000000013,306.470000000001
"277",35.5600000000268,1.57999999998719,144.720000000001,306.580000000016
"278",36.7299999999814,0.510000000009313,73.789999999979,299.940000000002
"279",33.2699999999895,0.5,129.849999999977,310.99000000002
"280",36.140000000014,1.60999999998603,130.010000000009,323.23000000001
"281",35.1499999999942,0.510000000009313,125.920000000013,323.789999999979
"282",38.5500000000175,0.480000000010477,142.49000000002,288.970000000001
"283",37.3500000000058,0.510000000009313,137.610000000015,320.5
"284",38.75,0.550000000017462,150.300000000017,337.309999999998
"285",40.9200000000128,1.70000000001164,147.910000000003,320.529999999999
"286",35.1199999999953,1.60000000000582,135.189999999973,307.669999999984
"287",43.3099999999977,0.519999999989523,132.170000000013,347.119999999995
"288",48.109999999986,0.529999999998836,125.880000000005,255.910000000003
"289",38.0800000000163,1.32000000000698,152.110000000015,318.169999999984
"290",40.25,0.549999999988358,149.119999999995,357.040000000008
"291",36.8999999999942,1.70000000001164,132.170000000013,363.109999999986
"292",38.8999999999942,0.509999999980209,169.160000000003,323.470000000001
"293",43.4100000000035,0.550000000017462,127,331.579999999987
"294",38.1900000000023,0.730000000010477,141.419999999984,295.140000000014
"295",40.3799999999756,0.550000000017462,151.270000000019,337.550000000017
"296",33.1700000000128,1.80000000001746,133.529999999999,340.160000000003
"297",35.5400000000081,0.490000000019791,148.910000000003,333.25
"298",39.289999999979,0.64000000001397,129.309999999998,338
"299",37.3099999999977,1.69000000000233,145.619999999995,308.160000000003
"300",37.1900000000023,0.519999999989523,126.050000000017,318.699999999983
"301",47.2300000000105,1.88999999998487,164.630000000005,454.290000000008
"302",43.6399999999849,0.639999999984866,175.960000000021,433.139999999985
"303",48.1499999999942,0.559999999997672,158.109999999986,478.570000000007
"304",48.5599999999977,0.670000000012806,169.170000000013,423.130000000005
"305",37.0800000000163,0.580000000016298,162.709999999992,224.880000000005
"306",42.0300000000279,1.89000000001397,163.809999999998,464.049999999988
"307",47.75,0.60999999998603,176.820000000007,445.75
"308",48.0899999999965,1.86000000001513,185.669999999984,464.130000000005
"309",45.1100000000151,0.64000000001397,155.289999999979,453.069999999978
"310",45.8899999999849,0.660000000003492,188.689999999973,439.219999999972
"311",45.8500000000058,0.590000000025611,153.299999999988,447.720000000001
"312",46.2799999999988,1.07999999998719,176.479999999981,464.729999999981
"313",47.4499999999825,1.26999999998952,164.690000000002,486.720000000001
"314",47.1600000000035,0.689999999973224,173.029999999999,511.51999999999
"315",43.4199999999837,1.92999999999302,180.440000000002,449.040000000008
"316",42.0099999999802,1.27999999999884,177.789999999979,478.01999999999
"317",46.4200000000128,1.97000000000116,104.239999999991,419.640000000014
"318",46.9700000000012,0.559999999997672,140.440000000002,413.399999999994
"319",50.4900000000198,1.80999999999767,170.139999999985,466.26999999999
"320",45.9599999999919,0.559999999997672,156.589999999997,474.130000000005
"321",43.2200000000012,0.619999999995343,150.059999999998,427.380000000005
"322",42.9899999999907,0.660000000003492,149.710000000021,490.319999999978
"323",44.9199999999837,0.580000000016298,174.579999999987,480.029999999999
"324",43.8899999999849,0.649999999994179,81.8000000000175,437.579999999987
"325",45.0299999999988,1.85000000000582,184,476.140000000014
"326",45.2300000000105,0.579999999987194,172.089999999997,439.920000000013
"327",44.6700000000128,1.82000000000698,160.079999999987,448.660000000003
"328",44.7999999999884,0.559999999997672,140.119999999995,449.359999999986
"329",45.0699999999779,0.869999999995343,163.190000000002,444.639999999985
"330",37.0200000000186,0.589999999996508,165.140000000014,503.420000000013
"331",53.2699999999895,0.60999999998603,167.089999999997,457.949999999983
"332",44.640000000014,0.589999999996508,164.119999999995,364.889999999985
"333",42.25,0.529999999998836,136.660000000003,334.960000000021
"334",37.9599999999919,0.520000000018626,131.24000000002,338.059999999998
"335",41.7900000000081,2.02999999999884,148.670000000013,331.470000000001
"336",36.5699999999779,0.510000000009313,143.830000000016,332.399999999994
"337",35.0299999999988,0.510000000009313,126.580000000016,335.029999999999
"338",35.1600000000035,0.520000000018626,142.390000000014,297.309999999998
"339",39.640000000014,0.490000000019791,135.529999999999,295.040000000008
"340",36.7099999999919,1.59999999997672,138.220000000001,379.170000000013
"341",45.5899999999965,1.77999999999884,158.830000000016,343.329999999987
"342",39.3699999999953,0.689999999973224,137.169999999984,323.030000000028
"343",36.5499999999884,1.14000000001397,132.049999999988,328.280000000028
"344",36.2200000000012,0.480000000010477,138.329999999987,320.550000000017
"345",37.1100000000151,0.549999999988358,122.5,319.279999999999
"346",35.0899999999965,0.470000000001164,125.660000000003,333.890000000014
"347",36.1199999999953,1.04000000000815,141.279999999999,336.220000000001
"348",36.320000000007,0.520000000018626,132.889999999985,325.100000000006
"349",35.5,0.490000000019791,128.390000000014,289.850000000006
"350",38.25,0.470000000001164,146.950000000012,282.23000000001
"351",36.3099999999977,0.5,142.540000000008,283.25
"352",36.2900000000081,0.489999999990687,122.75,307.940000000002
"353",38.6199999999953,0.520000000018626,133.75,332.639999999985
"354",37.4200000000128,2.10999999998603,129.789999999979,305.420000000013
"355",36.8000000000175,0.479999999981374,142.920000000013,319.579999999987
"356",38.3800000000047,0.480000000010477,134.219999999972,338.76999999999
"357",38.7600000000093,0.520000000018626,131.420000000013,337.339999999997
"358",41.3399999999965,0.559999999997672,151.160000000003,308.029999999999
"359",34.4899999999907,1.11999999999534,119.809999999998,293.5
"360",38.5,0.479999999981374,127.430000000022,308.410000000003
"361",35.9599999999919,0.5,133.890000000014,321.589999999997
"362",38.8099999999977,0.559999999997672,128.859999999986,286.859999999986
"363",41.7000000000116,1.10999999998603,137.059999999998,308.829999999987
"364",39.4400000000023,0.940000000002328,146.059999999998,315.640000000014
"365",39.5299999999988,0.480000000010477,93.6199999999953,313.140000000014
"366",35.6000000000058,0.480000000010477,128.939999999973,326.839999999997
"367",38.0799999999872,1.61999999999534,129.880000000005,321.720000000001
"368",39.6699999999837,0.490000000019791,133.100000000006,300.669999999984
"369",39.5299999999988,0.470000000001164,136.610000000015,307.420000000013
"370",33.2200000000012,0.460000000020955,135.430000000022,347.890000000014
"371",35.8099999999977,0.64000000001397,131.489999999991,311.859999999986
"372",33.9100000000035,0.479999999981374,129.050000000017,289.309999999998
"373",36.4400000000023,0.450000000011642,137.799999999988,338.420000000013
"374",30.890000000014,0.509999999980209,140.110000000015,303.899999999994
"375",35.9499999999825,0.709999999991851,131.920000000013,293.25
"376",43.2000000000116,0.470000000001164,135.959999999992,315.550000000017
"377",39.6600000000035,0.509999999980209,138.48000000001,297.540000000008
"378",34.3199999999779,1.69999999998254,130.329999999987,304.589999999997
"379",35.640000000014,0.470000000001164,128.220000000001,316.76999999999
"380",38.4400000000023,0.510000000009313,134.670000000013,326.940000000002
"381",40.2399999999907,0.5,35.070000000007,330.73000000001
"382",37.9400000000023,0.489999999990687,134.559999999998,325.440000000002
"383",39.0099999999802,0.489999999990687,135.109999999986,315.440000000002
"384",41.2299999999814,1.59000000002561,137.720000000001,321.720000000001
"385",35.1900000000023,0.5,132.270000000019,306.809999999998
"386",35.4400000000023,0.490000000019791,130.679999999993,301.900000000023
"387",33.359999999986,0.929999999993015,133.440000000002,313.079999999987
"388",35.3999999999942,0.489999999990687,124.830000000016,300.589999999997
"389",32.8300000000163,1.05999999999767,137.619999999995,313.880000000005
"390",31.0599999999977,0.489999999990687,134.160000000003,322.290000000008
"391",41.9700000000012,0.489999999990687,135.26999999999,308.109999999986
"392",35.4300000000221,0.489999999990687,127.160000000003,288.939999999973
"393",33.8399999999965,0.470000000001164,128.48000000001,314.399999999994
"394",39.9899999999907,1.56000000002678,104.440000000002,311.639999999985
"395",36.539999999979,0.5,131.51999999999,344.580000000016
"396",34.4000000000233,0.479999999981374,128.25,300.929999999993
"397",34.1499999999942,0.480000000010477,136.560000000027,319.430000000022
"398",39.8099999999977,0.509999999980209,132.700000000012,321.390000000014
"399",35.9900000000198,0.489999999990687,130.25,302.239999999991
"400",38.5599999999977,0.5,136.760000000009,305.710000000021
"401",45.5299999999988,0.540000000008149,137.080000000016,376.49000000002
"402",39.6399999999849,0.550000000017462,125.640000000014,325.440000000002
"403",36.109999999986,0.539999999979045,139.809999999998,308.630000000005
"404",37.4199999999837,0.880000000004657,149.029999999999,311.160000000003
"405",37.1700000000128,0.5,144.48000000001,315.339999999997
"406",41.9900000000198,0.509999999980209,138.600000000006,325.470000000001
"407",42.75,0.529999999998836,134.779999999999,310.970000000001
"408",46.7000000000116,0.539999999979045,140.260000000009,282.700000000012
"409",39.6100000000151,0.540000000008149,131.739999999991,345.059999999998
"410",40.6599999999744,0.529999999998836,138.669999999984,305.339999999997
"411",38.6600000000035,0.490000000019791,126.279999999999,268.389999999985
"412",36.6700000000128,1.28999999997905,136.779999999999,323.359999999986
"413",39.1800000000221,0.529999999998836,131.129999999976,321.569999999978
"414",36.8699999999953,0.519999999989523,132.089999999997,314.679999999993
"415",43.0599999999977,0.490000000019791,147,309.710000000021
"416",37.3099999999977,0.5,139.76999999999,308.339999999997
"417",33.2699999999895,0.529999999998836,136.580000000016,331.820000000007
"418",38.5699999999779,0.670000000012806,128.220000000001,293.75
"419",42.5800000000163,0.460000000020955,138.779999999999,299.870000000024
"420",36.9500000000116,0.5,124.5,311.529999999999
"421",39.4899999999907,0.5,133.970000000001,323.889999999985
"422",39.8500000000058,0.550000000017462,139.179999999993,292.010000000009
"423",36.609999999986,0.5,147,315.760000000009
"424",35.6000000000058,1.76999999998952,133.089999999997,329.720000000001
"425",40.4700000000012,0.570000000006985,144.809999999998,319.090000000026
"426",38.5299999999988,0.529999999998836,131.75,293.199999999983
"427",38.609999999986,0.509999999980209,134.959999999992,324.989999999991
"428",39.1699999999837,0.510000000009313,133.029999999999,318.190000000002
"429",34.0599999999977,1.16000000000349,135.190000000002,289.350000000006
"430",42.5500000000175,0.53000000002794,137.410000000003,342.549999999988
"431",39.6999999999825,1.25,122.299999999988,306.630000000005
"432",39.0599999999977,0.600000000005821,136.610000000015,375.800000000017
"433",45.8099999999977,1.80999999999767,135.75,369.580000000016
"434",44.4799999999814,0.539999999979045,160.940000000002,339.51999999999
"435",42.1999999999825,1.63999999998487,144.229999999981,317.770000000019
"436",39.1700000000128,1.17000000001281,136.579999999987,340.279999999999
"437",39.3800000000047,1.72000000000116,75.5499999999884,296.529999999999
"438",41.390000000014,1.71000000002095,142.169999999984,334.73000000001
"439",41.6000000000058,1.75,136.430000000022,326.290000000008
"440",38.7099999999919,0.509999999980209,139.910000000003,345.5
"441",35.75,0.520000000018626,135.780000000028,303.049999999988
"442",38.5299999999988,0.519999999989523,135.930000000022,317.860000000015
"443",38.6900000000023,0.519999999989523,134.300000000017,335.050000000017
"444",40.2000000000116,0.529999999998836,143.799999999988,329.470000000001
"445",38.609999999986,0.510000000009313,115.339999999997,269.25
"446",41.5600000000268,0.5,126.119999999995,302.869999999995
"447",45.3899999999849,0.549999999988358,137.520000000019,313.700000000012
"448",38.2699999999895,0.559999999997672,135.450000000012,301.300000000017
"449",39.3299999999872,0.529999999998836,140.399999999994,319.75
"450",38.1499999999942,0.510000000009313,140.869999999995,342.049999999988
"451",40.0800000000163,0.850000000005821,137.440000000002,327.170000000013
"452",36.4499999999825,0.529999999998836,138.029999999999,342.809999999998
"453",43.7799999999988,0.519999999989523,129.470000000001,338.23000000001
"454",37.75,0.5,134.070000000007,347.119999999995
"455",40.7200000000012,0.5,140.640000000014,323.75
"456",40.0799999999872,0.510000000009313,134.219999999972,342.279999999999
"457",39.1199999999953,0.460000000020955,130.860000000015,345.73000000001
"458",36.0299999999988,2.29999999998836,131.089999999997,317.520000000019
"459",36.859999999986,0.529999999998836,138.079999999987,305.429999999993
"460",44.3800000000047,0.5,141.940000000002,322.75
"461",42.4400000000023,0.5,135.290000000008,308.130000000005
"462",43.6199999999953,0.5,136.690000000002,314.48000000001
"463",45.2999999999884,0.550000000017462,122.970000000001,290.459999999992
"464",40.5599999999977,0.53000000002794,127.089999999997,329.709999999992
"465",37.8099999999977,0.529999999998836,135.779999999999,298.790000000008
"466",42.7299999999814,0.5,128.670000000013,357.369999999995
"467",37.1999999999825,0.610000000015134,136.25,327.079999999987
"468",40.3699999999953,0.510000000009313,135.25,349.51999999999
"469",40.8199999999779,1.75,139.809999999998,328.649999999994
"470",36.4900000000198,0.539999999979045,125.179999999993,317.529999999999
"471",41.9400000000023,0.540000000008149,129.809999999998,335.070000000007
"472",40.4900000000198,0.5,148.380000000005,347.059999999998
"473",40.5400000000081,0.529999999998836,138.440000000002,310.710000000021
"474",41.1000000000058,1.42999999999302,144.439999999973,298.929999999993
"475",37.7900000000373,0.53000000002794,140.979999999981,330.010000000009
"476",37.8899999999558,0.75,88.1600000000326,341.660000000033
"477",37.0800000000163,0.570000000006985,135.52999999997,321.02999999997
"478",40.4199999999837,0.520000000018626,143.650000000023,350.579999999958
"479",41.0199999999604,0.510000000009313,137.830000000016,316.169999999984
"480",38.6599999999744,1.55999999999767,147.539999999979,335.349999999977
"481",40.109999999986,1.64000000001397,148.75,312.229999999981
"482",39.1599999999744,0.539999999979045,142.469999999972,319.580000000016
"483",40.5899999999674,0.510000000009313,110.75,322.890000000014
"484",42.640000000014,0.549999999988358,144.389999999956,320.75
"485",42.1599999999744,0.529999999969732,141.359999999986,337.059999999998
"486",40.0199999999604,0.5,135.5,307.880000000005
"487",34.5599999999977,0.509999999951106,133.469999999972,362.5
"488",41.3499999999767,0.510000000009313,161.209999999963,356.27999999997
"489",44.25,0.60999999998603,153.549999999988,389.360000000044
"490",45.359999999986,0.690000000002328,156.309999999998,393.270000000019
"491",44.820000000007,0.529999999969732,90.2299999999814,212.440000000002
"492",38.1300000000047,0.520000000018626,136.710000000021,357.100000000035
"493",38.2000000000116,0.539999999979045,144.059999999998,359.489999999991
"494",40.0100000000093,1.09000000002561,137.419999999984,341.280000000028
"495",40.9400000000023,0.460000000020955,127.75,336.299999999988
"496",44.8299999999581,0.529999999969732,148.360000000044,349.760000000009
"497",44.7200000000303,0.690000000002328,153.659999999974,365.070000000007
"498",38.4400000000023,1.89000000001397,141.419999999984,270.150000000023
"499",36.9700000000303,0.519999999960419,83.289999999979,318.839999999967
"500",41.3899999999558,0.53000000002794,133.159999999974,307.26999999996
"501",40.4400000000023,0.510000000009313,134.76999999996,336.400000000023
"502",40.960000000021,0.529999999969732,132.770000000019,358.239999999991
"503",40.859999999986,0.540000000037253,95.1199999999953,325.219999999972
"504",41.4699999999721,0.53000000002794,140.109999999986,352.380000000005
"505",41.4500000000116,1.69999999995343,129.020000000019,306.800000000047
"506",38.609999999986,0.71999999997206,137.320000000007,300.690000000002
"507",34.4099999999744,0.549999999988358,131.909999999974,330.859999999986
"508",36.9099999999744,0.479999999981374,131.830000000016,338.919999999984
"509",34.6700000000419,1.59000000002561,137.940000000002,325.290000000037
"510",38.3300000000163,0.559999999997672,140,323.520000000019
"511",36.7599999999511,0.5,134.27999999997,317.920000000042
"512",38.75,0.520000000018626,136.130000000005,320.390000000014
"513",35.6199999999953,0.520000000018626,133.450000000012,310.659999999974
"514",37.429999999993,1.64000000001397,138.709999999963,343.830000000016
"515",41.8399999999674,0.519999999960419,139.890000000014,319.849999999977
"516",39.4699999999721,2.23999999999069,134.140000000014,339.729999999981
"517",41.1699999999837,1.0800000000163,136.440000000002,304.570000000007
"518",40.4500000000116,0.549999999988358,136.859999999986,300.190000000002
"519",37.2799999999697,0.519999999960419,134.570000000007,298.829999999958
"520",37.3899999999558,0.5,144.25,303.089999999967
"521",43.4100000000326,1.51000000000931,140.580000000016,310.01999999996
"522",36.8299999999581,0.509999999951106,136.600000000035,332.289999999979
"523",41.5599999999977,1.44000000000233,60.4200000000419,315.330000000016
"524",39.2799999999697,0.53000000002794,101.989999999991,306.130000000005
"525",38.8499999999767,1.59999999997672,133.47000000003,336.98000000004
"526",42.5,0.519999999960419,144.089999999967,297.559999999998
"527",40.6100000000442,0.479999999981374,135.839999999967,319.700000000012
"528",39.359999999986,1.57999999995809,132.880000000005,304.589999999967
"529",42.9400000000023,1.72999999998137,111.669999999984,322.200000000012
"530",41,0.539999999979045,140.049999999988,327.859999999986
"531",41.390000000014,0.610000000044238,147.449999999953,328.849999999977
"532",43.2299999999814,0.590000000025611,43.3300000000163,330.719999999972
"533",45.3099999999977,0.600000000034925,137.710000000021,344.059999999998
"534",38.1999999999534,1.25,136.75,326.26999999996
"535",35.4400000000023,0.5,139.329999999958,302.969999999972
"536",37.2299999999814,0.5,140.349999999977,294.920000000042
"537",36.5300000000279,0.529999999969732,126.080000000016,310.200000000012
"538",43.359999999986,0.690000000002328,94.75,351.789999999979
"539",41.890000000014,0.509999999951106,138.510000000009,319.559999999998
"540",41.0599999999977,0.539999999979045,149.97000000003,313.410000000033
"541",38.4899999999907,0.760000000009313,128.920000000042,291.390000000014
"542",36.8299999999581,0.5,138.48000000004,324.700000000012
"543",33.7999999999884,0.479999999981374,135.140000000014,329.410000000033
"544",40.7300000000396,0.529999999969732,128.959999999963,328.969999999972
"545",43.1700000000419,0.520000000018626,124.539999999979,302.979999999981
"546",39.9199999999837,0.53000000002794,130.570000000007,326.440000000002
"547",36.9899999999907,0.5,105.530000000028,292.47000000003
"548",40.1900000000023,0.559999999997672,139.140000000014,308.5
"549",43.140000000014,0.479999999981374,135.100000000035,344.159999999974
"550",37.929999999993,0.71999999997206,131.559999999998,287.23000000004
"551",38.9700000000303,0.5,139.109999999986,323.300000000047
"552",39.1000000000349,2.20000000001164,131.630000000005,303.119999999995
"553",36.4699999999721,0.5,138.489999999991,325.829999999958
"554",36.2200000000303,0.5,129.540000000037,335.610000000044
"555",37.109999999986,0.520000000018626,126.609999999986,318.049999999988
"556",38.4900000000489,0.510000000009313,82.5899999999674,313.369999999995
"557",38.4899999999907,0.510000000009313,154.190000000002,321.070000000007
"558",39.1199999999953,0.520000000018626,127.330000000016,351.679999999993
"559",39.5800000000163,0.510000000009313,135.539999999979,347.02999999997
"560",34.7199999999721,0.489999999990687,132.979999999981,330.320000000007
"561",35.0400000000373,0.510000000009313,135.070000000007,320.299999999988
"562",36.429999999993,0.5,136.77999999997,310.969999999972
"563",40.1300000000047,1.67999999999302,122.710000000021,343.049999999988
"564",46.6600000000326,0.489999999990687,137.410000000033,335.109999999986
"565",40,0.539999999979045,133.280000000028,307.799999999988
"566",34.6599999999744,0.529999999969732,137.619999999995,298.190000000002
"567",37.1300000000047,0.520000000018626,138.380000000005,313.690000000002
"568",38.3299999999581,0.480000000039581,136.260000000009,328.75
"569",38.8699999999953,1.64000000001397,55.179999999993,330.869999999995
"570",40.960000000021,0.649999999965075,142.399999999965,334.109999999986
"571",38.789999999979,0.5,130.979999999981,320.850000000035
"572",37.7900000000373,0.529999999969732,131.520000000019,317.549999999988
"573",41.5300000000279,0.5,145,322.049999999988
"574",36.9899999999907,0.5,126.75,339.200000000012
"575",36.429999999993,1.73999999999069,131.729999999981,369.400000000023
"576",38.6000000000349,0.570000000006985,143.940000000002,335.369999999995
"577",43.3099999999977,0.769999999960419,156.640000000014,391.579999999958
"578",44.7600000000093,0.509999999951106,126.47000000003,341.140000000014
"579",36.929999999993,0.709999999962747,138.48000000004,353.789999999979
"580",37.8399999999674,0.589999999967404,139.119999999995,353.969999999972
"581",38.5499999999884,0.540000000037253,152.020000000019,368.610000000044
"582",42.1699999999837,0.559999999997672,135.359999999986,354.75
"583",41.1700000000419,1.34999999997672,157.559999999998,358.110000000044
"584",36.7000000000116,1.75,137.860000000044,301.449999999953
"585",36.7800000000279,0.53000000002794,134.229999999981,340.820000000007
"586",39.109999999986,1.60999999998603,136.890000000014,342.409999999974
"587",42.5799999999581,0.580000000016298,141.359999999986,339.75
"588",36.9700000000303,0.549999999988358,149.770000000019,345.380000000005
"589",43.6500000000233,0.989999999990687,146.909999999974,354.919999999984
"590",39,1.67000000004191,144.390000000014,325.089999999967
"591",42.140000000014,1.67999999999302,150.469999999972,343.950000000012
"592",40.3500000000349,0.549999999988358,147.190000000002,329.789999999979
"593",44.75,0.539999999979045,142.190000000002,337.760000000009
"594",41,0.589999999967404,137.859999999986,352.469999999972
"595",41.109999999986,0.479999999981374,137.830000000016,314.840000000026
"596",37.5,0.489999999990687,132.719999999972,359.289999999979
"597",38.8999999999651,0.659999999974389,132.630000000005,330.390000000014
"598",39.070000000007,0.53000000002794,142.200000000012,363.760000000009
"599",40.109999999986,0.5,157.570000000007,305.72000000003
"600",34.8099999999977,1.59999999997672,99.8600000000442,364.280000000028
"601",37.5300000000279,0.520000000018626,137.309999999998,326.940000000002
"602",39.0299999999697,0.53000000002794,146.679999999993,330.900000000023
"603",45.3300000000163,0.529999999969732,147.589999999967,346.010000000009
"604",42.6599999999744,1.88000000000466,143.169999999984,314.839999999967
"605",40.2799999999697,0.510000000009313,144.909999999974,345.410000000033
"606",35.9700000000303,1.49000000004889,85.8800000000047,310.929999999993
"607",35.8500000000349,0.5,135.919999999984,340.549999999988
"608",36.6699999999837,0.5,141.27999999997,318.599999999977
"609",37.6000000000349,1.39000000001397,49.4099999999744,324.5
"610",36,1.59000000002561,131.660000000033,324.820000000007
"611",40.3800000000047,0.5,113.630000000005,332.690000000002
"612",38.5300000000279,1.54999999998836,133.369999999995,332.409999999974
"613",37.4899999999907,0.5,127.400000000023,332.670000000042
"614",37.4199999999837,0.489999999990687,137.650000000023,324.579999999958
"615",45.359999999986,1.3399999999674,140,327.559999999998
"616",44.8299999999581,0.53000000002794,140.619999999995,352.910000000033
"617",38.9700000000303,0.549999999988358,139.159999999974,363.809999999998
"618",43.1700000000419,0.630000000004657,151.450000000012,325.580000000016
"619",43.070000000007,2.07000000000698,148.380000000005,365.200000000012
"620",48.7599999999511,0.790000000037253,102.780000000028,350.669999999984
"621",42.3099999999977,0.5,139.5,338.790000000037
"622",37.8699999999953,0.539999999979045,138.02999999997,334.140000000014
"623",40.3699999999953,1.44000000000233,137.159999999974,302.919999999984
"624",36.6600000000326,1.5,122.340000000026,309.700000000012
"625",38.5200000000186,0.5,136.190000000002,318.839999999967
"626",39.7799999999697,0.480000000039581,136.829999999958,321.760000000009
"627",37.039999999979,0.549999999988358,152.75,333.5
"628",45.2799999999697,0.519999999960419,132.479999999981,293.989999999991
"629",37.5,0.559999999997672,138.229999999981,321.119999999995
"630",41.5899999999674,0.480000000039581,57.1599999999744,317.989999999991
"631",39.4899999999907,0.46999999997206,132.75,333.72000000003
"632",39.0200000000186,0.510000000009313,140.740000000049,332.889999999956
"633",38.3500000000349,1.51000000000931,138.820000000007,349.02999999997
"634",45.109999999986,0.520000000018626,75.0800000000163,393.979999999981
"635",35.9199999999837,1.67999999999302,122.260000000009,340.059999999998
"636",42.7999999999884,0.690000000002328,138.409999999974,338.410000000033
"637",37.6699999999837,0.489999999990687,130.690000000002,189.51999999996
"638",36.4700000000303,0.5,102.75,306.389999999956
"639",37.25,0.46999999997206,135.940000000002,380.270000000019
"640",39.5200000000186,0.53000000002794,160.559999999998,353.149999999965
"641",38.3499999999767,1.29999999998836,135.670000000042,318.570000000007
"642",47.6599999999744,0.53000000002794,163.419999999984,354.320000000007
"643",39.929999999993,0.519999999960419,148.660000000033,320.169999999984
"644",41.1300000000047,0.5,92.0900000000256,322.109999999986
"645",41.7399999999907,0.559999999997672,159.260000000009,411.25
"646",50.1300000000047,0.57999999995809,156.199999999953,394.140000000014
"647",38.5800000000163,0.570000000006985,141.809999999998,343.929999999993
"648",36.7200000000303,0.5,130.950000000012,290.780000000028
"649",42.4699999999721,0.53000000002794,144.969999999972,304.640000000014
"650",44.539999999979,1.1699999999837,139.27999999997,321.479999999981
"651",46.890000000014,1.69000000000233,147.530000000028,336.659999999974
"652",36.5900000000256,0.479999999981374,134.02999999997,247.839999999967
"653",36.820000000007,0.489999999990687,132.75,300.200000000012
"654",35.609999999986,0.580000000016298,137.169999999984,313.539999999979
"655",34.609999999986,0.479999999981374,135.140000000014,305.369999999995
"656",42.0799999999581,0.489999999990687,131.929999999993,312.690000000002
"657",35.929999999993,0.440000000002328,139.760000000009,284.5
"658",36.3600000000442,1.13999999995576,141.270000000019,342.669999999984
"659",33.5200000000186,0.529999999969732,130.530000000028,286.010000000009
"660",35.070000000007,0.519999999960419,126.690000000002,323.890000000014
"661",31.859999999986,0.510000000009313,135.780000000028,305.390000000014
"662",34.2600000000093,0.5,133.280000000028,326.570000000007
"663",37.679999999993,1.5,126.009999999951,330.049999999988
"664",35.3099999999977,0.480000000039581,135.950000000012,298.5
"665",36.2699999999604,1.64999999996508,126.669999999984,306.559999999998
"666",37.6199999999953,0.770000000018626,144.549999999988,352.630000000005
"667",41.289999999979,0.489999999990687,144.109999999986,333.22000000003
"668",38.6900000000023,1.90000000002328,144.280000000028,308.289999999979
"669",38.1300000000047,0.519999999960419,129,326.179999999993
"670",36.2600000000093,0.510000000009313,125.300000000047,323.990000000049
"671",41.8999999999651,0.5,127.679999999993,323.329999999958
"672",39.0199999999604,0.520000000018626,130.690000000002,331.100000000035
"673",37.7000000000116,1.35999999998603,132.429999999993,340.109999999986
"674",38.140000000014,0.559999999997672,138.320000000007,321.97000000003
"675",39.9899999999907,0.5,137.690000000002,332.100000000035
"676",38.1900000000023,0.510000000009313,132.859999999986,314.109999999986
"677",41.4199999999837,0.5,138.640000000014,307.729999999981
"678",40.9200000000419,0.790000000037253,136.320000000007,306.75
"679",38.5799999999581,0.5,140.419999999984,328.339999999967
"680",34.859999999986,1.25,125.919999999984,311.22000000003
"681",39.0599999999977,1.27999999996973,143.690000000002,314
"682",33.8699999999953,0.479999999981374,130.679999999993,326.030000000028
"683",39.5300000000279,0.529999999969732,139.97000000003,303.280000000028
"684",41.4599999999627,0.5,139.5,315.280000000028
"685",38.3099999999977,0.489999999990687,139.089999999967,321.530000000028
"686",36.109999999986,0.510000000009313,123.899999999965,298.309999999998
"687",37.9400000000023,0.53000000002794,137.280000000028,315.559999999998
"688",39.109999999986,0.5,140.450000000012,304.25
"689",43.8800000000047,1.71000000002095,140.320000000007,332.820000000007
"690",36.6900000000023,0.510000000009313,136.950000000012,322.52999999997
"691",39.6900000000023,0.540000000037253,137.139999999956,325.919999999984
"692",38.640000000014,1.09000000002561,143.619999999995,329
"693",38.4200000000419,1.07999999995809,128.52999999997,318.150000000023
"694",36.789999999979,0.5,137.579999999958,329.359999999986
"695",38.4500000000116,1.64000000001397,130.75,335.149999999965
"696",38.710000000021,1.40999999997439,130.690000000002,326.619999999995
"697",37.640000000014,0.5,125.72000000003,365.649999999965
"698",37.140000000014,0.489999999990687,135.419999999984,327.409999999974
"699",44.0599999999977,0.510000000009313,135.140000000014,338.01999999996
"700",39.0800000000163,0.539999999979045,141.419999999984,314.509999999951
"701",37.890000000014,0.5,124.929999999993,322.300000000047
"702",42.7699999999604,1.75,138.849999999977,351.619999999995
"703",36.109999999986,0.5,146.440000000002,317.390000000014
"704",38.7399999999907,0.5,121.489999999991,300.049999999988
"705",41.2600000000093,0.520000000018626,136.859999999986,334.359999999986
"706",38.039999999979,1.6699999999837,137.409999999974,330.789999999979
"707",37.0900000000256,0.5,138.919999999984,360.75
"708",38.3300000000163,0.559999999997672,131.239999999991,306.97000000003
"709",43.039999999979,1.1699999999837,134.330000000016,340.320000000007
"710",40.8300000000163,0.520000000018626,122.359999999986,334.390000000014
"711",37.8800000000047,0.549999999988358,141.469999999972,330.76999999996
"712",42.9199999999837,0.5,133.25,316.600000000035
"713",39.609999999986,0.520000000018626,134.520000000019,338.380000000005
"714",39.5799999999581,0.510000000009313,135.419999999984,326.050000000047
"715",46.75,0.519999999960419,144.659999999974,319.630000000005
"716",37.539999999979,1.70000000001164,135.789999999979,333.729999999981
"717",35.0499999999884,0.510000000009313,140.179999999993,326.080000000016
"718",44.3800000000047,0.529999999969732,139.080000000016,305.770000000019
"719",40.2300000000396,0.510000000009313,145.520000000019,349.549999999988
"720",40,0.539999999979045,122.73000000004,316.5
"721",40.5499999999884,0.549999999988358,135.390000000014,321.409999999974
"722",44.5300000000279,0.5,142.940000000002,345.359999999986
"723",39.7199999999721,0.509999999951106,135.580000000016,295.570000000007
"724",38.4099999999744,1.17000000004191,132.900000000023,312.219999999972
"725",44.2799999999697,0.559999999997672,155.97000000003,344.710000000021
"726",41.3499999999767,0.510000000009313,148.190000000002,368.990000000049
"727",42.1100000000442,0.5,143.010000000009,364.760000000009
"728",44.4599999999627,0.710000000020955,168.809999999998,371.729999999981
"729",47.5499999999884,1.75,143.169999999984,348.130000000005
"730",42.1900000000023,1.67000000004191,154.020000000019,325.659999999974
"731",35.8300000000163,0.53000000002794,133.799999999988,330.26999999996
"732",41.6199999999953,1.63000000000466,146.849999999977,323.409999999974
"733",37.2999999999884,0.510000000009313,138.599999999977,313.01999999996
"734",43.2299999999814,0.519999999960419,134.830000000016,338.75
"735",38.7299999999814,0.529999999969732,122.679999999993,378.740000000049
"736",42.0499999999884,0.570000000006985,119.969999999972,341.450000000012
"737",47.0299999999697,0.539999999979045,143.150000000023,375.609999999986
"738",43.609999999986,0.599999999976717,180.829999999958,492.5
"739",43.5199999999604,0.739999999990687,177.76999999996,448.109999999986
"740",43.679999999993,1.69999999995343,153.860000000044,439.820000000007
"741",41.2800000000279,0.809999999997672,87.4099999999744,406.149999999965
"742",47.1700000000419,0.559999999997672,140.349999999977,457.969999999972
"743",46.8099999999977,0.60999999998603,160.260000000009,377.869999999995
"744",47.4800000000396,0.559999999997672,145.760000000009,390.320000000007
"745",46.460000000021,0.550000000046566,168.399999999965,453.619999999995
"746",42.390000000014,1.9199999999837,166.130000000005,452.190000000002
"747",37.0200000000186,0.589999999967404,152.609999999986,442.589999999967
"748",46.429999999993,0.559999999997672,157.419999999984,430.890000000014
"749",44.390000000014,1.71999999997206,154.919999999984,451.950000000012
"750",50.3099999999977,0.559999999997672,162.739999999991,373.099999999977
"751",43.140000000014,0.53000000002794,123.859999999986,309.190000000002
"752",38.9100000000326,0.510000000009313,135.5,333
"753",42.710000000021,0.53000000002794,145.660000000033,333.5
"754",37.6199999999953,1.69000000000233,140.299999999988,315.780000000028
"755",39.210000000021,0.5,140.77999999997,316.039999999979
"756",39.8300000000163,0.549999999988358,135.090000000026,351.960000000021
"757",37.2199999999721,1.42000000004191,144.240000000049,335.989999999991
"758",44.4899999999907,0.64000000001397,147.949999999953,356.170000000042
"759",38.25,0.529999999969732,139.919999999984,340.639999999956
"760",38.7600000000093,0.539999999979045,133.860000000044,330.300000000047
"761",42.5499999999884,0.53000000002794,138.229999999981,318.080000000016
"762",43.609999999986,0.549999999988358,129.270000000019,329.239999999991
"763",40.3800000000047,1.63999999995576,52.0499999999884,349.339999999967
"764",38.0800000000163,0.539999999979045,140.47000000003,310.25
"765",40.4499999999534,0.5,138.51999999996,303.97000000003
"766",39.25,0.490000000048894,132.209999999963,320.609999999986
"767",38.1900000000023,0.479999999981374,129.410000000033,324.640000000014
"768",36.6900000000023,0.559999999997672,132.52999999997,331.650000000023
"769",38.9400000000023,0.519999999960419,133.539999999979,341.460000000021
"770",43.9400000000023,0.5,130.950000000012,344.949999999953
"771",37.070000000007,0.5,138.340000000026,342.97000000003
"772",36.5500000000466,0.5,132.909999999974,340.679999999993
"773",41.0400000000373,1.63000000000466,138.520000000019,337.669999999984
"774",38.7299999999814,0.809999999997672,135.210000000021,299.599999999977
"775",40.0200000000186,0.5,134.639999999956,316
"776",37.789999999979,1.0800000000163,129.909999999974,323.27999999997
"777",37.9199999999837,0.519999999960419,134.329999999958,332.919999999984
"778",37.5100000000093,0.479999999981374,134.469999999972,311.139999999956
"779",37.5899999999674,0.5,131.700000000012,324.5
"780",42.859999999986,0.53000000002794,137.340000000026,315.760000000009
"781",40.8300000000163,0.519999999960419,139.399999999965,294.5
"782",35.7199999999721,1.57999999995809,119.949999999953,333.599999999977
"783",34.75,0.5,130.340000000026,326.390000000014
"784",36.0300000000279,0.510000000009313,98.5500000000466,323.609999999986
"785",39.6600000000326,0.510000000009313,134.5,334.360000000044
"786",44.609999999986,0.580000000016298,149.109999999986,313.530000000028
"787",42.359999999986,0.57999999995809,149.099999999977,342.590000000026
"788",45.0100000000093,0.67000000004191,144.349999999977,311.330000000016
"789",40.1399999999558,0.5,136.559999999998,319.479999999981
"790",35.8899999999558,0.479999999981374,135.119999999995,328.059999999998
"791",34.8299999999581,0.619999999995343,133.72000000003,281.149999999965
"792",35.6699999999837,1.42999999999302,138.27999999997,315.010000000009
"793",38.9400000000023,0.489999999990687,137.440000000002,347.039999999979
"794",43.5300000000279,1.63000000000466,155.739999999991,420.200000000012
"795",56.640000000014,0.60999999998603,215.709999999963,546.010000000009
"796",53.1199999999953,0.690000000002328,205.5,449.830000000016
"797",43.7299999999814,0.64000000001397,166.200000000012,304.440000000002
"798",42.6900000000023,1.84999999997672,134.77999999997,338.920000000042
"799",36.7799999999697,0.489999999990687,141.049999999988,307.330000000016
"800",47.4799999999814,0.520000000018626,139.049999999988,299.51999999996
"801",40.3099999999977,0.5,141.429999999993,350.77999999997
"802",43.6300000000047,2.21000000002095,158.609999999986,349.830000000016
"803",41.7799999999697,0.509999999951106,126.489999999991,320.610000000044
"804",59.2399999999907,0.690000000002328,226.860000000044,452.239999999991
"805",42.4699999999721,0.64000000001397,145.400000000023,285.690000000002
"806",35.5,0.53000000002794,155.410000000033,416.690000000002
"807",35.7799999999697,0.559999999997672,176.579999999958,427.559999999998
"808",37.429999999993,0.720000000030268,152.559999999998,398.110000000044
"809",40.8399999999674,0.599999999976717,155.440000000002,340.72000000003
"810",39.429999999993,0.559999999997672,146.880000000005,340.390000000014
"811",41.5299999999697,0.5,135.25,320.580000000016
"812",37.4200000000419,0.5,138.799999999988,318.409999999974
"813",42.6500000000233,0.549999999988358,158.140000000014,339.449999999953
"814",43.109999999986,0.550000000046566,150.160000000033,325.320000000007
"815",43.1000000000349,0.549999999988358,149.149999999965,335.330000000016
"816",39.2600000000093,1.6699999999837,131.609999999986,288.809999999998
"817",37.1500000000233,0.5,141.570000000007,316.700000000012
"818",39.2799999999697,0.479999999981374,132.440000000002,314.440000000002
"819",36.0299999999697,0.520000000018626,111.510000000009,324.739999999991
"820",38.2699999999604,0.470000000030268,139,294.849999999977
"821",33.679999999993,0.479999999981374,151.929999999993,304.390000000014
"822",30.3499999999767,0.489999999990687,141.190000000002,327.459999999963
"823",45.7299999999814,0.5,131.669999999984,304.030000000028
"824",43.1699999999837,0.5,138.290000000037,318.450000000012
"825",46.7299999999814,0.659999999974389,144.469999999972,325.719999999972
"826",49.0499999999884,1.9199999999837,142.949999999953,329.770000000019
"827",41.609999999986,0.520000000018626,140.380000000005,325.01999999996
"828",45.4000000000233,1.80999999999767,135.200000000012,325.820000000007
"829",46.0999999999767,0.549999999988358,135.539999999979,325.309999999998
"830",45.640000000014,0.529999999969732,140.140000000014,334.179999999993
"831",47.0400000000373,1.82000000000698,133.369999999995,308.979999999981
"832",48.25,0.46999999997206,135.910000000033,310.900000000023
"833",35.9700000000303,0.46999999997206,135,308.75
"834",36.5,0.510000000009313,125.830000000016,299.860000000044
"835",42.5900000000256,0.5,133.5,307.890000000014
"836",35.640000000014,0.460000000020955,133.369999999995,294.050000000047
"837",37.2000000000116,0.5,129.530000000028,337.890000000014
"838",40.179999999993,0.5,124.530000000028,203.130000000005
"839",37.710000000021,0.5,135.789999999979,316.299999999988
"840",38.0999999999767,1.60999999998603,138.890000000014,297.809999999998
"841",34.2200000000303,0.5,130.459999999963,321.159999999974
"842",35.1900000000023,0.489999999990687,135.840000000026,313.090000000026
"843",41.1300000000047,0.490000000048894,131.679999999993,311.309999999998
"844",40.6900000000023,1.59999999997672,125.239999999991,297.650000000023
"845",34.75,0.779999999969732,127.72000000003,317.800000000047
"846",38.3300000000163,0.539999999979045,123.580000000016,324.140000000014
"847",44.0200000000186,0.510000000009313,138.909999999974,318.729999999981
"848",38.390000000014,1.78000000002794,98.1900000000023,360.580000000016
"849",43.0900000000256,0.899999999965075,137.539999999979,331.359999999986
"850",39.4200000000419,0.549999999988358,134.700000000012,306.389999999956
"851",40.5599999999977,1.71000000002095,136.640000000014,330.059999999998
"852",40.6900000000023,0.529999999969732,138.630000000005,298.150000000023
"853",46.1900000000023,0.5,131.190000000002,309.450000000012
"854",37.5500000000466,0.5,137.409999999974,322.25
"855",39.1300000000047,1.45000000001164,140.589999999967,319
"856",37.359999999986,0.479999999981374,132.959999999963,307.280000000028
"857",37.4799999999814,0.46999999997206,127.080000000016,293.719999999972
"858",36.179999999993,0.489999999990687,136.669999999984,300.710000000021
"859",36.0099999999511,0.53000000002794,134.089999999967,333.770000000019
"860",35.7099999999627,2.47000000003027,129.359999999986,346.669999999984
"861",37.789999999979,1.20000000001164,128.979999999981,325.76999999996
"862",40.3499999999767,0.559999999997672,126.559999999998,322.190000000002
"863",39.4700000000303,0.539999999979045,124.469999999972,328.360000000044
"864",40.2399999999907,0.559999999997672,139.27999999997,290.299999999988
"865",43.8099999999977,0.5,126.02999999997,335.200000000012
"866",44.6300000000047,1.47999999998137,147.979999999981,311.640000000014
"867",39.539999999979,0.89000000001397,136.880000000005,290.25
"868",38.7400000000489,0.929999999993015,131.559999999998,323.539999999979
"869",34.7200000000303,0.46999999997206,135.989999999991,295.070000000007
"870",40.6499999999651,0.53000000002794,142.609999999986,327.590000000026
"871",47.3000000000466,1.80000000004657,137.809999999998,332.369999999995
"872",39.0499999999884,1.61000000004424,125.570000000007,312.809999999998
"873",39.1500000000233,1.11000000004424,145.140000000014,334.760000000009
"874",45.390000000014,2.4100000000326,137.5,338.610000000044
"875",43.4800000000396,0.539999999979045,71.3500000000349,348.360000000044
"876",38.4700000000303,1.79000000003725,139.059999999998,350.729999999981
"877",41.7299999999814,0.570000000006985,142.040000000037,331.98000000004
"878",47.0100000000093,0.519999999960419,138.72000000003,322.570000000007
"879",43.1300000000047,0.549999999988358,132.259999999951,337.859999999986
"880",38.679999999993,0.539999999979045,128.01999999996,318.52999999997
"881",36.609999999986,0.5,135.559999999998,303.25
"882",39.5799999999581,0.510000000009313,83.7199999999721,311.860000000044
"883",42.4599999999627,0.5,135.830000000016,311.830000000016
"884",38.140000000014,0.5,136.450000000012,333.989999999991
"885",42.0500000000466,0.520000000018626,128.479999999981,313.010000000009
"886",37.1499999999651,0.699999999953434,129.340000000026,332.72000000003
"887",43.0199999999604,0.529999999969732,127.460000000021,312.940000000002
"888",36.929999999993,1.67999999999302,125.5,312.25
"889",39.2800000000279,0.5,128.650000000023,332.409999999974
"890",48.9700000000303,0.619999999995343,146.890000000014,305.860000000044
"891",40.070000000007,1.90999999997439,131.52999999997,336.830000000016
"892",45.8399999999674,1.92000000004191,140.669999999984,335.570000000007
"893",44.7099999999627,0.559999999997672,141,347.690000000002
"894",40.25,0.509999999951106,129.919999999984,324.690000000002
"895",44.5499999999884,0.509999999951106,131,260.880000000005
"896",40.8499999999767,0.570000000006985,141.380000000005,308.489999999991
"897",40.789999999979,1.51999999996042,137.739999999991,302.350000000035
"898",40.4199999999837,0.559999999997672,136.679999999993,327.97000000003
"899",39.7399999999907,0.510000000009313,135.479999999981,310.98000000004
"900",34.75,1.19000000000233,131.059999999998,306.5
"901",35.8499999999767,0.519999999960419,135.450000000012,295.919999999984
"902",43.6700000000419,0.520000000018626,131.309999999998,327
"903",33.7300000000396,0.5,127.989999999991,226.079999999958
"904",37.8899999999558,0.480000000039581,136.27999999997,363.650000000023
"905",39.0100000000093,0.490000000048894,137.380000000005,340.530000000028
"906",43.3699999999953,0.580000000016298,147.800000000047,380.47000000003
"907",46.8500000000349,0.5,146.240000000049,326.009999999951
"908",45.9800000000396,0.630000000004657,148.909999999974,340.400000000023
"909",43.5200000000186,0.529999999969732,138.039999999979,315.390000000014
"910",40.6000000000349,0.589999999967404,123.440000000002,340.690000000002
"911",39.5799999999581,0.509999999951106,118.059999999998,322.710000000021
"912",41.9199999999837,0.64000000001397,136.190000000002,310.030000000028
"913",44.5200000000186,0.589999999967404,150.72000000003,337.670000000042
"914",38.2200000000303,0.5,131.239999999991,302.920000000042
"915",40.6499999999651,0.510000000009313,141.659999999974,332.799999999988
"916",35.9099999999744,0.489999999990687,96.2600000000093,309.140000000014
"917",42.1699999999837,0.5,143.429999999993,315.539999999979
"918",41.210000000021,0.5,131.199999999953,348.140000000014
"919",40.359999999986,1.28000000002794,142.390000000014,336.829999999958
"920",46.0599999999977,1.8300000000163,140.200000000012,344.150000000023
"921",43.0499999999884,0.57999999995809,140.090000000026,328.219999999972
"922",46.1000000000349,0.559999999997672,154.539999999979,326.940000000002
"923",44.2999999999884,0.580000000016298,141.780000000028,314.440000000002
"924",44.140000000014,0.580000000016298,140.760000000009,304.260000000009
"925",45.4199999999837,0.520000000018626,141.780000000028,341.420000000042
"926",44.5100000000093,1.35999999998603,134.77999999997,316.669999999984
"927",41.359999999986,0.5,134.659999999974,321.210000000021
"928",36.6599999999744,0.5,137.979999999981,343.530000000028
"929",40.0899999999674,0.5,146.760000000009,307.75
"930",37.109999999986,1.69000000000233,134.710000000021,294.639999999956
"931",37.9500000000116,0.46999999997206,144.010000000009,333.639999999956
"932",37.5499999999884,0.53000000002794,137.919999999984,306.289999999979
"933",37.859999999986,0.540000000037253,152.450000000012,296.450000000012
"934",43.0999999999767,0.770000000018626,149.140000000014,322.570000000007
"935",47.570000000007,0.549999999988358,153.599999999977,356.5
"936",47.179999999993,0.75,150.440000000002,342.390000000014
"937",44,1.77000000001863,135.949999999953,324.459999999963
"938",44.429999999993,1.78000000002794,141.309999999998,323.890000000014
"939",47.4099999999744,0.539999999979045,132,338.839999999967
"940",40.289999999979,1.57000000000698,134.100000000035,347.609999999986
"941",35.9200000000419,1.20000000001164,132,297.510000000009
"942",38.5599999999977,0.519999999960419,149.770000000019,348.799999999988
"943",43.9500000000116,0.540000000037253,138.099999999977,342.719999999972
"944",41.1600000000326,0.540000000037253,136.859999999986,330.059999999998
"945",34.2300000000396,0.520000000018626,125.260000000009,306.130000000005
"946",42.609999999986,0.510000000009313,129.880000000005,314.359999999986
"947",44.5800000000163,1.29999999998836,143.200000000012,322.479999999981
"948",42.5300000000279,0.559999999997672,133.169999999984,327.070000000007
"949",35.7799999999697,1.79999999998836,138.920000000042,318.890000000014
"950",39.8899999999558,0.540000000037253,128.25,329.700000000012
"951",36.1000000000349,0.520000000018626,140.669999999984,314.390000000014
"952",39.0200000000186,0.549999999988358,134.240000000049,351.390000000014
"953",42.0300000000279,2.20999999996275,140.280000000028,356.73000000004
"954",48.2799999999697,0.5,153.259999999951,330.22000000003
"955",46.0100000000093,0.559999999997672,142.460000000021,318.410000000033
"956",43.2399999999907,1.42000000004191,131.119999999995,323.190000000002
"957",40.390000000014,0.770000000018626,132.890000000014,345.190000000002
"958",41.0899999999674,0.539999999979045,149.309999999998,334.409999999974
"959",50.5299999999697,0.78000000002794,141.170000000042,337.030000000028
"960",36.640000000014,0.520000000018626,140.329999999958,326.359999999986
"961",43.890000000014,1.78000000002794,136.030000000028,355.660000000033
"962",48.7700000000186,0.560000000055879,135.070000000065,311.419999999925
"963",42.5799999999581,0.539999999920838,142.780000000028,389.479999999981
"964",40.9199999999255,0.57999999995809,154.809999999939,366.400000000023
"965",40.8199999999488,1.03000000002794,150,324.550000000047
"966",42.0599999999395,0.71999999997206,148.589999999967,334.100000000093
"967",39.8199999999488,1.83000000007451,139.489999999991,306.449999999953
"968",42.1199999999953,0.520000000018626,132.090000000084,373.199999999953
"969",39.1399999998976,0.539999999920838,145.719999999972,319.979999999981
"970",41.3699999999953,2.5,155.75,369.920000000042
"971",41.3399999999674,0.520000000018626,141.639999999898,310
"972",37.2700000000186,0.53000000002794,139.359999999986,319.690000000061
"973",43.6199999999953,2.23999999999069,134.869999999995,343.25
"974",43.109999999986,2.45999999996275,140.829999999958,328.5
"975",41.5800000000745,1.68000000005122,140.75,314.690000000061
"976",39.3699999999953,1.83000000007451,139.089999999967,308.420000000042
"977",48.5500000000466,0.599999999976717,140.169999999925,339.770000000019
"978",47.640000000014,2.48000000009779,134.739999999991,311.329999999958
"979",39.6699999999255,0.709999999962747,137.969999999972,344.279999999912
"980",40.4500000000698,0.53000000002794,144.869999999995,333.730000000098
"981",39.25,0.53000000002794,38.25,341.159999999916
"982",39.1899999999441,1.60999999998603,144.04999999993,355.960000000079
"983",41.6500000000233,0.53000000002794,140.220000000088,338.75
"984",37.4200000000419,0.53000000002794,150.880000000005,340.290000000037
"985",39.8800000000047,0.600000000093132,153.809999999939,345.259999999893
"986",41.5899999999674,0.559999999939464,155.589999999967,346.140000000014
"987",40.4699999999721,0.53000000002794,135.889999999898,339.739999999991
"988",38.7199999999721,0.53000000002794,145.75,370.339999999967
"989",43.6999999999534,0.549999999930151,166.550000000047,349.880000000005
"990",48.1199999999953,0.699999999953434,144.170000000042,329.5
"991",39.1900000000605,0.520000000018626,138.95000000007,337.170000000042
"992",38.3500000000931,1.70000000006985,93.140000000014,340.439999999944
"993",47.7800000000279,0.57999999995809,141.210000000079,348.719999999972
"994",36.6900000000605,1.79999999993015,142.920000000042,326.900000000023
"995",34.5100000000093,0.520000000018626,141.670000000042,355.550000000047
"996",36.609999999986,1.1600000000326,140.329999999958,339.959999999963
"997",36.4199999999255,0.569999999948777,139.530000000028,344.260000000009
"998",44.0400000000373,0.660000000032596,152.759999999893,320.989999999991
"999",43.6699999999255,1.81999999994878,102.020000000019,321.959999999963
"1000",50.9599999999627,0.53000000002794,154.689999999944,351.690000000061
